image,description,vector
https://research.britishmuseum.org/collectionimages/AN00759/AN00759298_001_l.jpg,"The picture show a beautiful view of a very high mountain along with a wide river. The context looks like, there is mist covering everything, there is one boat in the river.","[-9.54908058e-02  1.38804587e-02 -7.97213495e-01 -2.41139784e-01
 -7.94626400e-02  1.68750718e-01 -2.63932526e-01  5.66374511e-02
 -5.96936047e-01 -1.01108484e-01 -3.69525671e-01 -4.73891087e-02
  5.07351041e-01 -4.78041053e-01 -3.03592950e-01  5.95371090e-02
  1.85877949e-01 -5.71006723e-02  4.03976850e-02 -4.75592166e-02
  4.78740316e-03 -5.05175710e-01 -1.58166736e-01 -5.02381384e-01
  1.71336785e-01 -1.23747453e-01  1.15596287e-01  4.38926518e-01
  1.72502071e-01  1.39088616e-01 -3.70333828e-02  2.56832719e-01
  1.18240044e-02  3.32281560e-01 -1.04400039e-01 -3.11192006e-01
  4.01457399e-02  3.04342806e-01  7.80022562e-01 -2.80162871e-01
 -1.11009397e-01  3.13152894e-02  1.53942123e-01 -2.35154834e-02
  4.63494301e-01 -7.63186738e-02 -2.05425203e-01  2.51866519e-01
  3.05832893e-01 -5.74558020e-01  1.12266965e-01 -5.50024331e-01
  4.18066174e-01 -3.79830658e-01 -1.61385700e-01 -1.12609237e-01
  2.56149054e-01 -3.98009568e-02  2.32444793e-01 -7.23560095e-01
 -1.77575778e-02 -5.53234041e-01  8.78137276e-02 -4.10851896e-01
  3.65258187e-01 -5.57043374e-01  7.66074136e-02  3.19781810e-01
  6.22212648e-01 -6.88472807e-01  1.03391297e-01 -2.84591079e-01
  2.61943102e-01 -2.90419430e-01  8.67181178e-03  3.25558811e-01
  2.36373752e-01 -5.33992052e-02 -6.00060821e-01  1.22762404e-01
  4.27641422e-02  2.19507322e-01 -3.53949010e-01 -1.47588983e-01
 -4.45758402e-01 -6.77879095e-01 -1.24006882e-01  2.50536203e-01
  9.37591046e-02  2.33806580e-01  6.87014282e-01 -1.86645105e-01
  1.89901233e-01 -6.28117263e-01 -1.98594004e-01 -3.58534187e-01
  5.78087211e-01 -4.50674593e-02 -2.64661282e-01 -3.75028312e-01
 -5.85713238e-03 -7.64280111e-02  4.25430775e-01 -2.48711705e-01
 -4.06519473e-02 -4.66895103e-01 -7.80097321e-02 -1.14855692e-01
 -1.77748650e-01 -3.93287212e-01 -1.43860832e-01  5.32357357e-02
  2.10045680e-01 -1.59031868e-01 -3.90896857e-01 -1.60802364e-01
 -2.41600975e-01 -2.94061340e-02 -2.22953856e-01  3.92396927e-01
  1.57107681e-01 -8.64112139e-01 -1.51171729e-01  5.14190018e-01
 -6.13662839e-01  1.72455177e-01 -7.25571737e-02 -5.44467032e-01
 -6.36745468e-02  3.52000326e-01 -2.40613416e-01  5.19015230e-02
  3.02954257e-01  1.94682315e-01 -1.38989717e-01 -3.14402908e-01
 -7.60617405e-02 -3.73866290e-01 -1.06942482e-01  1.13452575e-03
  7.12976873e-01 -4.47006464e-01  4.56534475e-01 -2.38252848e-01
  5.40940881e-01  3.41758192e-01 -1.79421186e-01  2.52080530e-01
  5.15556276e-01 -2.27740966e-02  9.76727009e-02  2.89920002e-01
 -8.88203159e-02  8.36623460e-02  1.06139675e-01 -2.35942937e-02
  4.04651731e-01 -2.61700968e-03 -1.89837351e-01  1.25276968e-01
  1.14490828e-02  2.17832521e-01  1.89705506e-01  8.24796110e-02
 -5.22572637e-01  1.49547383e-01 -2.05298916e-01  3.06758821e-01
  4.52404439e-01  4.25414234e-01 -1.86443597e-01  3.33496749e-01
  5.23655474e-01 -4.15656567e-01 -8.13132559e-04 -7.66804338e-01
  2.37913534e-01  1.95600659e-01 -7.11581886e-01  2.00363651e-01
 -9.12171975e-02  6.73814118e-01  5.41478693e-02  1.73892379e-01
  5.51822424e-01  1.28313020e-01 -3.40041786e-01 -3.41070771e-01
 -3.61942023e-01  5.30036271e-01  2.34039780e-02 -5.53472877e-01
  1.50649339e-01  1.23880729e-01 -1.31684989e-01 -4.75323826e-01
  3.23406979e-02  1.42239019e-01 -3.73668969e-01  3.32933545e-01
 -2.26158038e-01 -2.79448092e-01  7.86609799e-02 -1.58738673e-01
 -2.80033350e-01  1.75201312e-01 -1.85228318e-01  2.72568822e-01
 -2.81052202e-01  1.55004561e-01 -5.68265840e-02  2.88097590e-01
 -6.63764626e-02  2.77116477e-01 -4.84028310e-01 -1.62001595e-01
 -1.37565032e-01  1.85363308e-01  1.40314773e-01 -7.16821328e-02
  9.17535927e-03  1.56400293e-01  3.29480708e-01 -2.69775778e-01
 -8.30609739e-01  2.25394428e-01 -2.17547312e-01  4.41912532e-01
 -3.91144216e-01  1.83660850e-01 -1.26305278e-02 -6.60795495e-02
  2.36664802e-01 -1.10491924e-01  2.20519766e-01 -4.12585288e-02
 -1.92919627e-01 -1.64378807e-01  1.55911922e-01 -1.17847033e-01
 -6.28557503e-02 -1.65722728e-01  1.43060893e-01  1.01715945e-01
  9.85734537e-02 -3.83341730e-01  5.90104699e-01 -2.33625844e-01
  7.43952751e-01  4.68430281e-01 -5.28574467e-01 -2.13765472e-01
  7.15018928e-01  5.68474293e-01  5.79685830e-02 -1.11922599e-01
  4.88590151e-01 -4.96994883e-01  3.44791189e-02 -3.19543004e-01
  5.19648254e-01 -7.10310519e-01 -4.32720870e-01 -4.62314785e-01
  4.01474796e-02  1.57388881e-01  2.49857660e-02  9.59017932e-01
  6.05958588e-02  4.07831281e-01 -2.76111335e-01  3.94676358e-01
  1.46743268e-01  7.29745746e-01  3.27758014e-01 -2.20033526e-01
  2.15710133e-01 -7.33903944e-01  6.76331282e-01 -2.51897842e-01
  4.71211165e-01  1.52610242e-02  1.58466280e-01  5.38672470e-02
  1.88105524e-01 -3.29769813e-02  3.97190787e-02 -3.30485940e-01
  1.74262851e-01 -1.85695082e-01 -5.04680037e-01  5.62613606e-01
 -4.37336266e-01 -9.34859961e-02  5.44505298e-01 -4.57076669e-01
 -1.60600871e-01  1.77587926e-01 -1.45255700e-01 -4.87911761e-01]"
https://research.britishmuseum.org/collectionimages/AN00530/AN00530983_001_l.jpg,"There are three person in the picture, two womans and one kid. They appear in the the mountain context, one one woman is carrying her kid, and the other woman is doing laundry in the river. From a distance, there is a house appear in the right corner of the picture.","[-8.52662954e-04 -3.84405375e-01 -2.55330533e-01 -1.40843855e-03
  2.50209987e-01 -2.79763937e-01  2.18569949e-01  2.55353034e-01
 -7.69086927e-02 -5.89939713e-01 -4.50982511e-01 -2.54981726e-01
  5.61966777e-01 -3.70091647e-01  3.28028835e-02  7.50841126e-02
 -2.06076279e-01 -6.11152165e-02  1.62433714e-01  7.41961241e-01
 -2.88397610e-01  2.24240050e-01 -6.71667680e-02 -2.17932183e-02
  8.88411880e-01 -1.10183269e-01 -2.94629961e-01  1.90401599e-01
  3.99071991e-01 -1.69248477e-01 -2.67692715e-01 -1.87855959e-01
 -2.73299098e-01  1.10931300e-01 -1.11828506e-01 -6.01764321e-01
 -1.72163025e-01  1.44220129e-01  3.51940155e-01 -2.40979359e-01
  3.63390744e-02  3.04262210e-02  1.55706093e-01 -6.36925995e-01
  5.79378426e-01 -7.19205916e-01 -5.40793180e-01 -2.05365896e-01
  3.65693480e-01 -4.83123362e-01 -3.72943521e-01 -9.05926883e-01
  4.03392315e-01 -4.85841036e-01  1.08955860e-01 -1.40639380e-01
  6.02502376e-02 -8.70943889e-02  1.25755534e-01 -5.66361070e-01
  3.35537702e-01 -4.47404325e-01 -9.01297480e-02 -3.01237315e-01
 -3.71773154e-01 -1.20212525e-01  1.24210872e-01  6.23262942e-01
  2.05932364e-01  6.29357100e-02  3.71283263e-01 -6.24286495e-02
  3.24525058e-01  6.60077557e-02 -3.62502962e-01 -1.31234303e-01
  4.14423913e-01  7.82325806e-05  3.11272830e-01 -2.13156074e-01
  9.83603358e-01 -1.34803772e-01 -9.71614718e-02  7.60410801e-02
 -5.73211275e-02  5.31305671e-01 -5.33040702e-01 -4.69844699e-01
  2.42087007e-01  5.20680368e-01  3.39761913e-01 -2.31560081e-01
  2.18283579e-01 -3.32206577e-01  3.84775192e-01 -2.05161095e-01
  4.06479836e-01  5.06994016e-02 -5.39585948e-01 -1.69449091e-01
 -3.55360478e-01  2.13474840e-01 -3.35197687e-01  1.93772808e-01
 -6.07402802e-01 -1.61802858e-01  1.31130978e-01 -1.18638404e-01
  3.66288841e-01 -2.72147153e-02  3.71016055e-01  3.66313718e-02
  2.18906756e-02 -3.81391570e-02 -3.24335217e-01 -1.88289344e-01
  3.04803193e-01  4.73133586e-02  1.60683855e-01  3.36498648e-01
  2.06911221e-01 -1.79275110e-01 -5.24171054e-01 -2.40436271e-02
  2.06394285e-01  1.37441698e-02 -3.34418237e-01 -3.68621349e-02
 -6.08319640e-02 -1.75622538e-01  6.96031526e-02  4.74578917e-01
  3.04641247e-01 -1.57322660e-01  1.20789342e-01  1.06315881e-01
 -3.81061614e-01 -2.99513698e-01 -5.29502928e-01 -2.55676001e-01
  2.60607153e-01 -6.83156312e-01  5.35923362e-01  4.26776618e-01
  2.43872955e-01  1.76202618e-02 -8.15193951e-01 -1.66566312e-01
  2.96930879e-01  1.80268764e-01  4.67641890e-01 -2.80175507e-01
  2.67594427e-01  2.72325397e-01  2.28370965e-01 -5.51422536e-01
  2.88494885e-01  2.92699903e-01  3.68598521e-01 -8.30925554e-02
  2.25275028e-02 -5.27662486e-02  9.24210623e-02 -3.06886341e-02
 -4.89695102e-01  3.65840942e-01 -1.87820405e-01  2.39082441e-01
  1.60286665e-01 -4.07548621e-02 -8.89715999e-02  3.62788916e-01
  1.09138340e-01 -2.85309643e-01 -2.40133792e-01 -5.58744133e-01
 -1.97697058e-01 -6.81892857e-02 -1.15044773e-01  1.65520459e-01
  2.73588151e-01  5.35870790e-01 -1.07686892e-01 -3.74778211e-01
  3.29244614e-01  1.38821855e-01 -2.62238115e-01 -2.03641266e-01
 -3.55066836e-01  5.98259926e-01 -3.70512724e-01 -1.94442227e-01
  1.43559888e-01  5.38000941e-01  1.24225356e-02 -2.34875292e-01
  2.85536349e-01  8.10000524e-02  4.64102834e-01 -7.58026540e-02
  2.37823710e-01 -1.81981653e-01  2.98683017e-01 -9.02803957e-01
 -4.60249037e-01  3.88715476e-01 -4.29897696e-01  2.04825327e-01
 -5.25785625e-01  2.38699526e-01 -1.77821606e-01  5.66675901e-01
 -4.53725234e-02  7.37311393e-02 -4.92359161e-01  2.18943313e-01
  1.99398950e-01 -3.50061394e-02 -4.08782005e-01 -2.92892605e-01
  3.86301905e-01 -6.05905568e-03 -6.96696341e-02  4.77412045e-02
 -8.28990996e-01  7.10273013e-02  8.59981924e-02  8.37559924e-02
 -2.94083297e-01 -3.07848692e-01  7.65199363e-01  4.06067222e-02
  7.30883896e-01 -5.40308058e-01 -1.25920415e-01 -1.46103919e-01
 -2.16857661e-02  2.87966967e-01  4.63609040e-01  1.95249021e-01
 -2.85524011e-01  4.62172925e-02 -3.11942965e-01  3.06071937e-02
  1.56076536e-01  1.86299473e-01  3.31754476e-01  6.69750422e-02
  2.67282456e-01  3.06077898e-01  4.13728543e-02  1.00479804e-01
  7.54641235e-01 -1.04478553e-01 -1.09653212e-01 -7.93526351e-01
  1.19570211e-01 -8.70247364e-01  1.30408987e-01 -3.94520879e-01
  8.91808048e-02 -4.84905928e-01  7.31979907e-02 -4.80086654e-01
  1.96688652e-01  4.03159596e-02 -4.26090240e-01  2.46137097e-01
  1.58523589e-01  3.47653657e-01 -1.02385536e-01  2.34284520e-01
  6.04193509e-01 -8.44133496e-02 -3.41264784e-01 -4.11036253e-01
 -1.85017690e-01 -5.41804850e-01  5.32674193e-01  1.82716012e-01
  8.02226644e-03  4.56587315e-01  1.92412883e-01 -3.14402908e-01
  9.14844722e-02  5.92900207e-03  1.67274252e-01 -5.61792590e-02
  1.78466752e-01  1.94515772e-02 -5.55255353e-01  7.86625028e-01
 -7.54389226e-01 -3.71004492e-01  5.66667356e-02 -7.57496238e-01
 -1.69871151e-01  2.15341941e-01 -3.37511450e-01 -3.84647191e-01]"
https://research.britishmuseum.org/collectionimages/AN00423/AN00423991_001_l.jpg,two woman are in the pictures. one of them is sitting and still fixing her appearance while looking in the hand mirror. The other one is standing and talking to the sitting one.,"[-0.47426751 -0.20145567 -0.32970929 -0.00175747  0.12781768 -0.18286012
  0.59045279  0.02493627  0.04514278 -0.16113819 -0.24960522 -0.03368064
  0.05423168 -0.07976605 -0.08124326  0.43445322  0.20107247 -0.14793548
  0.13599245  0.51994652 -0.58794105  0.09343749  0.07539158  0.06146847
  0.42673841 -0.22329473 -0.18916644 -0.02577962 -0.2361742  -0.02724707
  0.06972764  0.11728946 -0.51822871 -0.02409281  0.15953061 -0.1953954
  0.2077657   0.06884881  0.24098495  0.02697255  0.22428975  0.06545299
  0.11556877 -0.35227016  0.11820812 -0.296009   -0.01122345  0.28579158
  0.51256746 -0.07789951 -0.31379241 -0.43583867  0.40650633 -0.45548895
  0.15588588 -0.41543308  0.32192278 -0.25650212 -0.01544358 -0.38555223
  0.49260673 -0.10426597  0.03117188 -0.475265   -0.10021212 -0.19270046
  0.13775785 -0.11747083  0.34354255 -0.24333471  0.3313697   0.36579695
  0.06132937  0.00482675 -0.55958974  0.33546299  0.1198488  -0.00751679
 -0.06344697 -0.13995594  0.81529379 -0.24306987 -0.24268597 -0.07193413
 -0.15241241  0.34726626 -0.31034279  0.06767708  0.46229643  0.63208878
  0.01382757 -0.1565976   0.18589231 -0.40155745 -0.23952265 -0.23335911
  0.6316539   0.03330803 -0.70826089 -0.10703916 -0.57168025 -0.31487399
 -0.42338982 -0.14958574 -0.07009688 -0.04350879 -0.11072659  0.39612806
  0.18742386 -0.21671173  0.33079809 -0.20385095  0.12626569  0.01794814
 -0.46187934 -0.68067902  0.13795426 -0.08285613 -0.064686    0.47149161
 -0.20836879 -0.57155406 -0.22995009  0.50841302  0.24442427  0.19879089
 -0.1755182   0.06643141  0.33211437  0.22467786 -0.00569103 -0.22899739
 -0.26514789  0.07927007 -0.27084973  0.0926415  -0.20572795  0.04498491
 -0.18267171 -0.33582565  0.05100059 -0.48145202  0.31541327  0.14168946
 -0.23651153 -0.03300229 -0.36357868  0.1897001   0.10007669  0.35347581
  0.38038549  0.07157431  0.24123158  0.16408622  0.0346723  -0.18566817
  0.16916281  0.03607598  0.57067168 -0.08826348 -0.04275377  0.28317994
 -0.06158521  0.07719579 -0.56049287  0.04007753 -0.25574479 -0.05908201
  0.12501693  0.14819087  0.12912481  0.57195884  0.30792889  0.05238843
 -0.21366556 -0.34394604 -0.11655602  0.36970887 -0.0390951  -0.03596745
 -0.01815067  0.52311742 -0.09302317 -0.2945224   0.08997177  0.4644627
 -0.03705522 -0.43450451 -0.68322361  0.2530711  -0.33679515 -0.63687807
  0.14846349  0.30324957 -0.39997497 -0.29588154  0.20478672 -0.40522426
  0.25355518 -0.08048256  0.54514229 -0.17612606  0.48649678 -0.53123498
 -0.16877256  0.30357227 -0.47420907  0.03665664  0.10706699 -0.08853077
  0.07930168  0.19958737 -0.12832205  0.04172234 -0.38931    -0.24821882
  0.17888542 -0.19510618  0.03835088 -0.18366389  0.44186485 -0.02364108
 -0.25988233 -0.55222481 -0.66285276  0.03376256 -0.37507975 -0.05997917
 -0.07994507  0.05971781  0.11016576 -0.07928403  0.57893085 -0.09381212
  0.14500859 -0.08177755  0.11934233  0.03977875  0.60977978  0.21928465
  0.23904772 -0.44254193 -0.03094194  0.15651606  0.23962878 -0.13452384
  0.20369284 -0.05843743  0.07232572  0.03788127  0.21673897  0.10866629
  0.54324114  0.21933249 -0.24478057 -0.37519071  0.11206537 -0.76462466
  0.55970246  0.01127073  0.15766682 -0.66128343  0.0217949   0.12069809
 -0.01322767 -0.04206068  0.0939131   0.27285281 -0.2913872   0.38346207
  0.35501048 -0.08794495  0.2413723   0.25933608 -0.0603939  -0.32591054
  0.13576372 -0.05964774  0.53087103  0.09392752  0.53303748  0.25360802
  0.60366499 -0.08217485  0.38352719  0.06989849 -0.21061608  0.11151448
  0.36776003 -0.2094959  -0.46236321  0.89422154 -0.30355099 -0.07393812
 -0.16660675 -0.40194485 -0.76325238  0.09583086 -0.16419864 -0.43549743]"
https://research.britishmuseum.org/collectionimages/AN00759/AN00759711_001_l.jpg,There are two man fighting each other in the picture. It looks like they are generals from two different clans.,"[-4.64090377e-01 -1.97236702e-01 -4.72955674e-01  2.12699905e-01
  2.90593654e-01 -4.44560498e-01  5.42254210e-01  1.83157116e-01
  1.67185739e-01  2.08771080e-01 -1.16811104e-01  8.91460925e-02
  6.40462264e-02  1.81029607e-02  1.39994696e-01  2.80679554e-01
  1.35643110e-01 -1.40351295e-01  3.67055953e-01  3.35247070e-02
 -2.90762067e-01  5.92262410e-02  6.01040870e-02 -1.59364432e-01
  5.76859772e-01 -1.85700804e-01 -1.54534370e-01  2.65411548e-02
 -1.12313904e-01 -2.45588049e-01 -4.86357138e-02  1.79896623e-01
  1.35634653e-02  1.77137673e-01 -3.07199627e-01 -2.50745177e-01
  6.01274297e-02  1.63054634e-02  4.28073525e-01 -6.06381847e-03
 -4.35119420e-02  2.42855698e-02 -8.38028565e-02 -2.38365486e-01
  1.28483623e-01 -6.66794777e-02  5.75121976e-02  2.35530213e-01
  6.27398491e-02 -1.67668670e-01 -1.35791168e-01 -5.81213117e-01
  2.14695022e-01 -1.27382148e-02 -1.20791279e-01 -1.50052235e-01
  2.54093736e-01 -1.01242460e-01  2.21243855e-02 -1.91911608e-01
  4.21866149e-01  3.58370058e-02  1.90157205e-01 -7.73213655e-02
  1.89315025e-02 -6.24398112e-01 -5.22794202e-02 -9.38523412e-02
 -2.78615803e-02 -2.11106196e-01  2.35160932e-01  1.07426979e-01
 -8.36195797e-02  3.37522477e-01 -1.11742325e-01  3.80766600e-01
  3.49341929e-01  2.10949570e-01 -3.56832564e-01 -2.07982108e-01
  3.41568470e-01 -3.58648859e-02 -2.51231380e-02 -8.26041922e-02
 -3.47638667e-01  1.02567948e-01 -1.68887615e-01  3.92229080e-01
  2.17153579e-01  7.29498744e-01  3.63819860e-02  1.15010493e-01
  3.40764523e-01 -4.22374845e-01 -2.74253577e-01 -5.83796576e-02
  3.11417073e-01 -6.43541962e-02 -4.71571118e-01 -4.23218787e-01
 -7.47929454e-01  2.18778118e-01 -2.63028026e-01  5.11842430e-01
  1.08701952e-01  2.09488750e-01  4.47466150e-02  9.48051661e-02
 -7.33062252e-02 -1.50002211e-01  1.76749632e-01 -2.72128224e-01
  1.88124567e-01  2.27571696e-01 -3.41564596e-01 -4.22890574e-01
  8.08834881e-02 -4.60464768e-02 -3.40187430e-01  4.38743442e-01
  2.55041961e-02 -5.90057075e-01 -1.65709466e-01  6.09971941e-01
 -1.60785347e-01  1.33749098e-01 -4.39062029e-01 -3.52302104e-01
  3.64066392e-01  2.60387868e-01 -1.49268787e-02  2.58025248e-02
 -8.32520146e-03  1.66814979e-02  1.20669426e-02 -1.07158646e-01
 -4.69202042e-01 -2.11411193e-01 -3.01275216e-02 -1.35230407e-01
 -2.11295784e-01 -8.02446902e-02  9.14923623e-02  2.53308862e-01
 -5.99190444e-02  1.40116826e-01 -3.23850840e-01 -1.60528734e-01
 -1.05328538e-01  4.61667888e-02  4.59521919e-01  7.52175003e-02
  3.24360490e-01  9.55872890e-03  2.75259726e-02 -2.06599772e-01
  1.62286490e-01 -1.46973699e-01  3.34957689e-01  2.52483040e-01
  2.67155077e-02 -9.49187279e-02 -1.96387887e-01  4.00018930e-01
 -4.95580614e-01  4.85873967e-01 -2.43390009e-01  3.59998018e-01
 -6.27505127e-04 -2.91146010e-01  3.48393887e-01 -2.94121027e-01
  2.27097690e-01  3.40628892e-01  7.05096871e-02  5.89399710e-02
 -9.64722186e-02 -1.19273715e-01 -2.78160781e-01 -1.82238650e-02
  1.13868229e-01  4.14807796e-01 -3.39912623e-02  6.13873638e-02
  3.88563752e-01  2.30766296e-01 -4.55609441e-01 -2.07836777e-01
 -1.61478162e-01  1.13045335e-01 -2.81614214e-01 -6.18810058e-01
  4.49472964e-01  2.43955091e-01 -2.71307766e-01 -3.56058091e-01
  1.00848809e-01 -3.00662428e-01 -1.36880383e-01  1.98116094e-01
  1.65684178e-01 -3.68608654e-01  1.77818060e-01 -7.14109063e-01
  4.78676856e-02  1.80451527e-01 -1.82549730e-01  3.04439366e-01
  1.23988442e-01  4.63571310e-01  1.96694098e-02  1.34150133e-01
  2.01523200e-01  2.91771684e-02 -3.51116687e-01  4.80546840e-02
  2.39836443e-02 -1.80866271e-01  1.03072263e-01 -3.46316308e-01
  4.50518698e-01 -2.84504563e-01 -4.29463774e-01 -3.06188196e-01
 -3.76063883e-01 -1.98934481e-01 -2.25369260e-01 -8.53093155e-03
 -2.02050239e-01  1.88942537e-01  3.73142987e-01 -2.44769320e-01
  1.58807456e-01 -3.04958552e-01 -1.80170119e-01 -1.51056930e-01
  1.30185276e-01 -1.15601823e-01 -9.54117626e-02 -6.59315586e-02
 -8.47743377e-02 -7.86426291e-02 -2.50711888e-01 -1.59916312e-01
  2.58744299e-01 -1.92707524e-01  2.73534507e-01 -3.15502696e-02
  3.49438667e-01  4.71770354e-02  1.38508037e-01 -7.21681565e-02
  1.43559754e-01  1.31072164e-01 -3.79574955e-01  1.69916302e-02
  2.49534100e-01 -2.16087669e-01  8.85283500e-02  1.73355453e-02
  6.58108234e-01 -2.83170104e-01 -5.09734690e-01 -3.13984305e-02
  1.73659772e-01 -1.90158427e-01 -2.29585752e-01  1.20538779e-01
  2.34263344e-03  1.75861269e-01  7.34440386e-02  8.13139416e-03
  2.92296588e-01  3.29034030e-01  3.76376836e-03 -1.03272632e-01
  1.81064442e-01 -7.36027285e-02  1.35448769e-01 -2.91060090e-01
  2.40618154e-01  4.56242323e-01  2.29433373e-01  4.98199724e-02
  5.17684102e-01  5.72916381e-02  4.63635940e-03  3.68346311e-02
  3.98257256e-01 -1.79869439e-02 -1.60197299e-02  2.42731333e-01
 -1.84401751e-01  5.89387566e-02 -2.87851156e-03 -5.80996312e-02
 -3.80929887e-01  2.04943642e-01 -1.33747980e-01 -7.88175613e-02]"
https://research.britishmuseum.org/collectionimages/AN00834/AN00834949_001_l.jpg,A japanese woman is holding the kid. The woman wears kimono and so is the kid. There is a picture hanging in the room. It looks like they are mother and son.,"[-3.45278054e-01 -1.65475950e-01 -4.06131625e-01  2.69321769e-01
  2.30868131e-01  2.78746001e-02  6.60215735e-01  2.22772196e-01
 -9.58390087e-02 -2.04844326e-01 -2.02400163e-01  1.13766804e-01
 -6.68184906e-02  6.07741140e-02  2.40454003e-01  1.46535829e-01
  4.63322878e-01 -2.07445204e-01  8.17590207e-02  2.48528197e-01
 -2.00154752e-01  2.48345751e-02  1.00508153e-01 -1.00103401e-01
  6.08032107e-01 -1.48904428e-01 -3.16884160e-01 -4.39967029e-02
  5.61362803e-01  3.65349799e-02 -5.78721836e-02  2.92432815e-01
 -1.86518386e-01  2.57084966e-01 -3.50082010e-01 -2.53868014e-01
  1.74889058e-01  1.65983811e-02  7.95166194e-02 -1.36671454e-01
  1.39776751e-01  1.43348634e-01 -4.49601039e-02 -7.89523780e-01
 -1.97710190e-02 -2.13755473e-01 -8.19057897e-02  3.89144063e-01
  6.71786964e-01 -1.81421354e-01 -4.80580837e-01 -2.40979761e-01
  1.43235132e-01 -1.84883192e-01  4.33005281e-02 -5.25814176e-01
  3.19796562e-01 -1.94427878e-01 -2.77630866e-01 -2.25853443e-01
  3.12836856e-01 -1.68224692e-01  1.33775160e-01 -2.65727580e-01
 -1.77823797e-01 -6.77991152e-01  2.66013443e-01 -1.68589428e-01
  1.61570743e-01  1.08338133e-01 -1.03082575e-01  1.63716346e-01
  9.52983946e-02  6.25412725e-03  6.02993369e-02  3.11113089e-01
 -3.73582602e-01  3.41172338e-01 -4.86560725e-02  4.29773241e-01
  4.64527935e-01  2.30657890e-01 -1.61510095e-01  1.10169128e-01
 -1.37318328e-01  1.43837050e-01 -1.30418837e-01  1.74671277e-01
  7.75789376e-03  4.49879348e-01  1.42181069e-01 -3.48522127e-01
  3.67048293e-01 -2.21981689e-01 -3.87829095e-01  6.73967823e-02
  6.03250206e-01 -2.10560098e-01 -3.26350868e-01 -5.69185972e-01
 -6.10042274e-01 -2.58074909e-01 -3.15975904e-01 -3.85162652e-01
  3.94161157e-02  2.76866436e-01  7.81862512e-02 -1.41861469e-01
  6.81826696e-02 -2.81881932e-02  5.42741381e-02 -1.08843900e-01
  8.39565173e-02  3.83329242e-02 -3.31625700e-01 -3.43649358e-01
  2.27088839e-01 -3.59275341e-02 -7.04503506e-02  3.27708036e-01
 -3.82247567e-01 -7.10623980e-01 -4.51495916e-01  2.04477776e-02
  3.07372332e-01  1.08940907e-01 -2.70348579e-01 -1.86629489e-01
  2.98672944e-01  2.95877934e-01 -3.25863034e-01  3.41366798e-01
  2.05451503e-01 -2.62315661e-01 -1.51143909e-01 -1.23780884e-01
 -2.18217626e-01  2.59108186e-01 -2.25245863e-01  2.86272839e-02
  6.53562276e-03 -7.23826110e-01  4.53519285e-01 -2.86239386e-01
  2.82816961e-02  1.82374835e-01 -4.44448255e-02 -5.94734065e-02
  2.02881694e-02  3.19004618e-02  3.96451592e-01  5.12630105e-01
  3.00256044e-01 -1.87573805e-01  7.86339521e-01 -2.42160842e-01
  3.11833858e-01 -9.69068035e-02  1.89489275e-01  3.49360973e-01
 -2.67734736e-01  2.83591181e-01 -2.14270260e-02  2.54965693e-01
 -2.39208559e-04  2.54496336e-01 -3.56539428e-01  2.44746819e-01
  4.33946550e-01  8.88518170e-02  4.53901850e-03  4.05599356e-01
  2.38939166e-01 -1.80850551e-01 -1.61940698e-03 -3.14500988e-01
 -4.85028028e-02  1.93871617e-01  1.10483706e-01 -8.23376849e-02
  9.18633118e-02  4.11038309e-01 -3.37296337e-01 -9.95680615e-02
  1.20987087e-01  2.05351606e-01 -2.67102599e-01 -1.80358570e-02
 -1.80163831e-01  2.60196596e-01  2.81534731e-01 -6.68901443e-01
 -1.53601184e-01  5.92133045e-01 -3.36915940e-01 -4.77008075e-01
  4.17756885e-01 -1.51187956e-01 -5.66667542e-02  1.50396124e-01
 -9.92912129e-02 -5.55793583e-01  3.46708715e-01 -7.39576399e-01
 -1.18048407e-01 -1.23681776e-01 -3.49671602e-01  3.42994869e-01
  7.13054463e-02  2.54886538e-01  2.92871688e-02  6.23106837e-01
  1.08457968e-01 -3.90045047e-02 -8.51210877e-02 -5.39376810e-02
  1.65689215e-01 -1.37934729e-01 -4.68586713e-01 -6.73191994e-03
  4.61757392e-01 -5.22741318e-01 -1.20309137e-01 -1.13607571e-01
 -5.10452867e-01 -5.40609546e-02  2.57128805e-01  6.86601773e-02
 -2.23272115e-01  8.40473697e-02  6.44785225e-01  1.86792254e-01
  3.99142385e-01 -3.69987488e-01  2.40739167e-01 -5.46637356e-01
  4.93884236e-02 -2.86602467e-01  2.00480416e-01 -1.51581407e-01
 -1.82736386e-02 -2.92793214e-01  5.98337352e-02 -4.29881811e-01
 -5.82628362e-02 -6.56264201e-02  2.35813364e-01 -6.55644760e-02
  3.57168227e-01  4.33675766e-01 -2.76879162e-01  6.16059788e-02
  8.46922755e-01  8.91029313e-02 -2.89648980e-01 -1.03971101e-01
  9.19436216e-02 -2.86368936e-01  2.92973429e-01 -1.18448600e-01
  3.45125020e-01 -2.58098215e-01 -3.89933884e-01 -1.79243103e-01
 -2.08459143e-02 -1.02127619e-01 -1.20982178e-01 -2.68253312e-02
  1.69066116e-01  2.24575237e-03  1.15432501e-01 -3.99841703e-02
  4.16788429e-01  1.24832988e-01 -1.44677861e-02 -1.85604870e-01
 -2.14557067e-01 -3.24049801e-01  4.21800584e-01  9.07779038e-02
  1.83843717e-01  6.06359661e-01  1.91012383e-01 -3.32634330e-01
  6.64809253e-03  7.05717131e-02  1.81811433e-02 -1.15990303e-01
  2.57100582e-01 -1.14356704e-01 -4.83559251e-01  3.97099733e-01
 -4.46975291e-01  5.17350286e-02  1.06295772e-01 -5.16581893e-01
 -6.46711051e-01  1.27410918e-01 -1.59905508e-01  1.64335802e-01]"
https://research.britishmuseum.org/collectionimages/AN00327/AN00327154_001_l.jpg,A man with a sword grabs a little demon with a horn and threatens enough to make the spider growing upside down on his face while trying to cut it.,"[-0.10837315  0.13877325 -0.00816056  0.06809923  0.61210072  0.11324544
  0.31283888 -0.21392116 -0.40540338 -0.01749439 -0.48538661 -0.09392802
  0.01686718 -0.2597369   0.30459219  0.26147187 -0.16130805 -0.17289385
  0.53197753  0.12215555 -0.3075164   0.01785526  0.07469121 -0.26481384
  0.95499325  0.04777075  0.16968736 -0.43733549 -0.28686976  0.2645213
  0.07897862  0.04136542 -0.2184678  -0.19106011  0.20295064 -0.4478409
 -0.00233188 -0.39808521  0.25199243 -0.26519716 -0.30169335 -0.27699384
  0.54709446 -0.09836934 -0.07069217 -0.17781408 -0.25150073  0.54301488
 -0.05924835 -0.48970419 -0.35777473  0.02015315  0.49543452 -0.18756463
 -0.42318138 -0.67199236  0.43062866 -0.47694504  0.03733611 -0.53329623
  0.13169536 -0.10519359 -0.30310908 -0.06571764  0.24293169 -0.2376136
  0.49028116 -0.95157987  0.31499827  0.07117975  0.74069297  0.20735487
  0.0087654  -0.2900275  -0.15283461 -0.38414574  0.23536821 -0.32854679
  0.06172662  0.47957742  0.41892162 -0.10629424 -0.12915792 -0.34223375
 -0.21084492  0.53453636  0.06199381  0.00881363  0.73734146  0.43531892
 -0.12459403 -0.31956893  0.20204133 -0.22673333 -0.70221454  0.09850056
  0.87158436 -0.27181324 -0.30159175 -0.06300419 -1.25907624 -0.09795088
  0.39425159 -0.39244497  1.0160954  -0.1747614  -0.11417275  0.34378064
  0.21240465 -0.7873863  -0.32573631 -0.50393122  0.15728375 -0.30060968
 -0.63027632 -0.08701389  0.11330122 -0.14473909 -0.24971274  0.18170877
 -0.19482516 -0.43706459  0.03426398  0.51790392  0.00578107 -0.04383155
 -0.20568311  0.51988804  0.18032882 -0.33655402  0.4061327  -0.33493438
  0.13847964  0.19931988  0.06360216 -0.95908713 -0.04812852 -0.19619226
 -0.16301052 -0.18097411  0.07637736 -0.20988306  0.38212675 -0.48328921
 -0.15729593 -0.08826076  0.06739298 -0.12924379 -0.36762092  0.20374674
  0.71754265 -0.25070125  0.22805145 -0.47436127  0.27648577 -0.17912094
  0.21704553 -0.42219523  0.15316385 -0.07884018 -0.02284059 -0.04234905
 -0.38583425  0.42220348 -0.5506922   0.43906921 -0.23047425  0.1618548
 -0.27419636 -0.18483341  0.22200449  0.13567398  0.26601601 -0.05818896
  0.1250689   0.25636211 -0.35661891  0.73772907  0.16419943  0.2355358
  0.26424742  0.72139555  0.16917463  0.24617976  0.01271464 -0.17472589
  0.19003843  0.02432608 -0.2240465   0.21016189  0.04080861 -0.54138941
  0.08125547  0.90987396 -0.31445134 -0.27246481  0.23487397  0.43867549
 -0.21143985 -0.00367086  0.48468569 -0.68906158  0.33337334 -0.57374287
 -0.26494667  0.2274151  -0.0667863   0.6207602   0.0925481   0.10552987
 -0.43699571  0.5601573  -0.16613349  0.28469962  0.04561538  0.10305762
 -0.28103822  0.38114014 -0.48422316 -0.1186856  -0.11630792 -0.23286459
  0.34426254 -0.39882845 -0.5210954  -0.29347655 -0.46907568  0.34304151
 -0.20396812  0.16026166  0.76536155 -0.17589766  0.02912964 -0.27372974
  0.14690004  0.48447907 -0.07196663  0.00198274  0.0865339   0.34773362
 -0.180694   -0.43902183 -0.40933967 -0.22100966 -0.31469592 -0.10900251
  0.8163662  -0.23523152  0.6962167   0.69884002  0.07844485  0.04435114
  0.55105799 -0.04436974 -0.61668444 -0.59579211  0.3099713  -0.28708848
  0.17480876 -0.47061306  0.54392874 -0.43137026  0.21551788 -0.46226665
  0.02348366 -0.24101152  0.24020873  0.25832802 -0.01672064 -0.31050298
  0.03287007  0.31106162  0.13006742  0.22405933 -0.17104103 -0.29375407
  0.3141067   0.15785518  0.11439443 -0.40524462 -0.43241701  0.68659544
 -0.39403835 -0.39748949 -0.14245512  0.50884956  0.02661296 -0.32326502
 -0.03068139 -0.0457735   0.31778538  0.24887629  0.51888913 -0.05925302
  0.00353823  0.03241999 -0.01590085  0.41961619  0.18599612  0.26126838]"
https://research.britishmuseum.org/collectionimages/AN00523/AN00523667_001_l.jpg,"On the side of the waterfall in the canyon, the samurai are climbing the waterfall, clinging to the trees extending from the waterfall so they are not washed away by the water.","[ 0.05771485  0.09433334  0.28167507  0.28523812  0.13489769 -0.42014617
  0.16710632 -0.23724987  0.0722343   0.17786422  0.05570022  0.03376952
  0.17381153 -0.29337776 -0.19027436  0.0056866   0.04883794 -0.09535237
 -0.03907759  0.06352302 -0.08464018  0.58214843 -0.04110302  0.06499568
  0.29791784  0.14654097  0.1863257  -0.25719076  0.01884206 -0.27988759
 -0.05424494  0.16250572 -0.08173334  0.1901163  -0.19196887 -0.40734166
  0.28562203  0.15883438  0.55972892 -0.49721172 -0.28427655 -0.30566689
  0.13819447 -0.20772702  0.02143312 -0.11038701 -0.40727615  0.07435386
  0.60449755 -0.56631833 -0.32364413 -0.12742245  0.03777935 -0.11166019
 -0.29609051 -0.6362766   0.32734674 -0.35790747 -0.15401106  0.01292885
 -0.25722295 -0.33945057  0.03520608 -0.28167742 -0.18484546 -0.3941845
  0.17057337 -0.21905567  0.1904359  -0.21662191 -0.00280353 -0.19248168
  0.10467242 -0.15947177 -0.13588868  0.71642148 -0.39565331 -0.29446408
  0.13336815 -0.16832329  0.31581917  0.30077744 -0.20857422 -0.20496038
 -0.55448061  0.08267307 -0.16726452 -0.14960913  0.37560946  0.08795343
 -0.22964951 -0.34623635  0.04034479 -0.11058454 -0.07290903 -0.01831345
  0.30184612 -0.06569258  0.15954794 -0.43928808 -0.47172174 -0.52358955
 -0.04668259  0.17116639 -0.31490043  0.25697982  0.12589024  0.0372909
  0.05793168 -0.50903738  0.28856444 -0.18338017  0.05417794 -0.30933446
 -0.56109458 -0.18420541  0.34894618 -0.13982785  0.27450687  0.82208705
 -0.14088847 -0.38949063 -0.27702338 -0.01126183  0.05057801  0.39780375
 -0.00574799 -0.28610215  0.26819319  0.19210599  0.21870635 -0.08097015
  0.01943747  0.12582339  0.35738513 -0.47620308  0.15764154  0.04783526
 -0.30501583  0.00924044 -0.11353336 -0.37338269  0.30318207 -0.00150603
 -0.22660348 -0.12660199 -0.12684494 -0.07750075 -0.09375858  0.62645715
  0.03394477  0.02103507  0.26598734 -0.07185613  0.7114383  -0.19202068
 -0.33534184 -0.21677162  0.46155706 -0.04146254 -0.6188482   0.22629198
  0.24569511 -0.02112444 -0.66346812  0.29278678 -0.22783279  0.33500618
  0.30868927  0.07882476 -0.14237626  0.06519948  0.36180878 -0.11811534
  0.24446322 -0.37485582 -0.05505786 -0.18830678  0.38015851  0.31154495
 -0.19018671  0.51819474 -0.02322876  0.15727064 -0.18006103 -0.3108739
 -0.59602267 -0.53921008  0.18780623  0.39716366  0.00989359 -0.59145653
 -0.12014959 -0.00476886 -0.09434094 -0.51214767  0.44087133 -0.10469682
 -0.3656576   0.51704407  0.16679785 -0.28931797  0.18098019 -0.4457337
 -0.33712158  0.45060107  0.01118346  0.42765251  0.44670978 -0.13653277
  0.00502786  0.09735123  0.22884266 -0.22945803  0.00823996 -0.06622342
 -0.17146502  0.12120597 -0.03390244 -0.02957706  0.23620713 -0.1516836
 -0.43704021 -0.2432119  -0.69335306 -0.28631753 -0.17240791  0.09046745
 -0.17539796  0.03417466  0.37524003  0.25338492  0.76896536  0.4710075
  0.51143986  0.02497794  0.47295988  0.03644609 -0.05340892  0.12391348
 -0.33034709 -0.11508053  0.30670783 -0.15056914 -0.04609926 -0.6226179
  0.61599129 -0.14572683  0.35982835  0.2484628  -0.00276239 -0.17081441
  0.69116426  0.31809726 -0.71233022 -0.00385249  1.0100373  -0.74168772
  0.09364066 -0.13313648  0.39271468 -0.07909158 -0.02236857  0.17960441
  0.36591905 -0.23379712 -0.57357603 -0.01766895 -0.35462132  0.06501673
  0.02114498 -0.15308788 -0.11492734  0.1608972  -0.39335129 -0.06154357
 -0.04927687 -0.12320005  0.30112064 -0.13136528 -0.27356419  0.30424783
  0.04243319 -0.09966649  0.06370109  0.23810738  0.0476517  -0.29376361
  0.11263835  0.53394473 -0.00407203  0.13159253 -0.10479186 -0.25271437
 -0.3254109   0.08046494 -0.7060222   0.05394889  0.06122049  0.36459309]"
https://research.britishmuseum.org/collectionimages/AN00219/AN00219992_001_l.jpg,"In this picture, one man, one woman, and one person whose gender is unknown are drawn, and the woman appears to be rejecting the man.","[-0.15812516 -0.28326502 -0.25658566  0.12695535 -0.04340028 -0.1408805
  0.11141411 -0.12005817 -0.07536781 -0.00553497 -0.43415347  0.13899912
  0.29527491 -0.01209175  0.24867767  0.25040227  0.41768712  0.19286729
  0.02511177  0.21941757 -0.33098951  0.46062246 -0.37224025  0.10148276
  0.42827338 -0.09118928  0.05373011 -0.43606386 -0.13167459 -0.32577515
 -0.14586458 -0.08206128  0.03433337  0.01220401 -0.24824925 -0.43036619
  0.08929493  0.29098848  0.27871057 -0.2412077   0.06912427  0.35625613
 -0.04659969 -0.05100597  0.306999   -0.23897766 -0.1633731  -0.06129301
  0.10384521 -0.45077497 -0.2586064  -0.31457871  0.52791399 -0.28340727
  0.05085796 -0.22438566  0.45275941  0.26731268 -0.52649635 -0.04702048
  0.02487165 -0.50034726 -0.20708469 -0.23972401 -0.02888757 -0.10287852
  0.23285647 -0.15878837 -0.096106    0.19866788  0.03910645  0.36570755
  0.32264739  0.31289849 -0.29826954 -0.01071816  0.11398929  0.16300163
  0.14183137 -0.02662946  0.50309002 -0.34365323  0.17457877 -0.00136356
 -0.1382912   0.5314002  -0.16544339  0.07050912  0.17105266  0.33690873
 -0.02093329  0.00489253  0.08010539 -0.42252573  0.014765   -0.09148341
  0.44668514  0.3914443   0.02593784  0.22494416 -0.39588475  0.23888661
 -0.40480936  0.09334303 -0.09371059 -0.10602245  0.42044839  0.12620442
 -0.03868062 -0.19309625 -0.22737174 -0.52853113  0.19978894 -0.26303494
 -0.42131144 -0.35399333  0.01783878  0.01233873  0.14858945  0.26638898
  0.02773823 -0.63105708 -0.02380312  0.05670333  0.1806954   0.08608994
 -0.40759516  0.08493619  0.51120472  0.18089582  0.12810665 -0.2129844
 -0.12117156 -0.10838463  0.1183851   0.08732253 -0.1115199  -0.03979514
 -0.13674508  0.08510136  0.14665058 -0.36770034  0.1629523  -0.09890551
 -0.13502015 -0.25257003 -0.1596815   0.02513657  0.45146281  0.19564088
  0.20676467 -0.06280493 -0.02278434 -0.01898398  0.50364029 -0.14290422
  0.35623372 -0.42196506  0.24887745  0.17687631 -0.04870164  0.14328505
  0.43732548  0.11709099 -0.38852257  0.2917099   0.02171238  0.00906723
  0.50499958 -0.08031656 -0.11422244  0.29698718  0.27108333 -0.26198587
 -0.12695998 -0.57488263  0.16102405  0.09520907 -0.16205788  0.0997097
 -0.15585691  0.35237223  0.04386073 -0.20565937  0.38219884  0.27138469
  0.04818403 -0.11558216 -0.3075279  -0.07127887 -0.13750228 -0.2496492
  0.21115895  0.41441575 -0.14755018 -0.08248978 -0.17081544 -0.06099227
  0.09062324  0.18735196  0.16402714  0.08136138  0.34920883 -0.41095752
  0.00879227  0.30290103  0.04822745  0.3699744   0.23128094  0.13967651
  0.15290226  0.28651041 -0.09188312  0.03620562 -0.37502515 -0.15163261
  0.45878971  0.07088262  0.05351746 -0.49797627  0.54522586 -0.11027444
 -0.50376648 -0.00644085 -0.54531282 -0.22240125 -0.11300945  0.23921672
 -0.486844   -0.01365343  0.28285593 -0.18956643  0.26311213 -0.17342807
  0.32401735 -0.34775776  0.03529545 -0.24282341  0.02446257 -0.40506804
 -0.2316546  -0.39003491  0.26063448 -0.05996658  0.4495033   0.11977084
 -0.22813754 -0.21088676 -0.07765099 -0.05749616  0.11569711  0.61400449
  0.34981057  0.02727147 -0.01585202 -0.45855597  0.10116266 -0.37724724
  0.31013322 -0.12041423  0.09322792 -0.30376473 -0.26158491 -0.01776441
 -0.24166454  0.19251214 -0.31308281  0.13637152 -0.16530631  0.16787091
 -0.24112488  0.27484173  0.53304458  0.30954373 -0.18162534 -0.30588078
 -0.12553954 -0.46141109  0.34027356 -0.00731567 -0.08116276 -0.04263914
 -0.1514653  -0.13000162  0.37803623  0.22390698 -0.43263915 -0.42514321
  0.16558254 -0.18775576 -0.12455977  0.30219656 -0.13089193 -0.23915045
  0.01285237 -0.02960666 -0.42638537  0.22746478 -0.25438616 -0.5733518 ]"
https://research.britishmuseum.org/collectionimages/AN00691/AN00691974_001_l.jpg,"Three women are drawn in this ukiyo-e, and the woman in the middle is messing with a plate floating on the river with a stick. The background is green, and cherry blossoms are in bloom, so it seems to be spring.","[-7.79273510e-01 -1.30367756e-01 -3.54744852e-01 -3.07498932e-01
  4.59869415e-01  1.39453625e-02  3.95719320e-01 -2.74975202e-04
 -4.91322577e-03 -1.04011610e-01 -2.43712261e-01  1.43672779e-01
  6.39997944e-02  1.67677417e-01  2.75410384e-01 -1.14417240e-01
  3.53874147e-01 -2.96507210e-01 -2.20563114e-01 -3.03757459e-01
  2.37869874e-01  2.83352226e-01 -3.94338101e-01 -2.29069456e-01
  3.17032278e-01  1.15416862e-01  7.92059898e-02 -2.51674145e-01
  1.71071529e-01 -1.09127879e-01 -2.86699980e-01 -7.67556131e-02
 -6.14441037e-02  8.04688707e-02  1.31249234e-01  3.05921794e-03
  4.46880534e-02  1.44909576e-01  1.97813008e-02  5.82517451e-03
 -1.46975413e-01 -2.12255269e-02  1.35888057e-02 -5.64851701e-01
  2.58495539e-01 -3.26278925e-01 -9.77567255e-01  6.21914327e-01
  2.40099341e-01 -1.25978768e-01 -2.13464186e-01 -2.63917476e-01
 -1.07596323e-01 -4.80968565e-01 -4.28289697e-02 -5.93532503e-01
 -7.94085786e-02  2.90797085e-01  2.19388768e-01 -6.22830927e-01
 -1.40028328e-01 -8.00398827e-01  3.18817705e-01 -3.29255372e-01
  3.62475783e-01 -1.29987717e-01  2.95772433e-01  1.01103231e-01
  2.70791620e-01 -1.64852753e-01 -1.57288447e-01 -3.28972071e-01
  1.51823297e-01 -6.84596777e-01  8.00728872e-02  3.63320202e-01
  5.29050082e-03  1.88823074e-01 -1.45914435e-01 -9.09897313e-02
  6.68660343e-01  6.92686364e-02 -1.17144063e-01 -1.26728237e-01
 -6.42826021e-01  6.39914334e-01 -4.62603450e-01 -2.89683402e-01
  6.13433242e-01 -1.20141186e-01 -1.42753884e-01 -2.34074995e-01
  2.24453315e-01 -3.63851368e-01 -1.96029976e-01  1.05169930e-01
  7.27394938e-01  2.42800102e-01 -5.14445305e-01 -4.10170317e-01
 -7.05689251e-01 -3.94860774e-01 -8.54434446e-02  3.34073782e-01
 -1.19821995e-01 -1.96651444e-01  2.58234978e-01  8.05996805e-02
 -5.29341042e-01 -1.87653288e-01 -2.14852989e-01  1.78380713e-01
 -9.68143046e-02 -2.62028962e-01 -4.93010521e-01 -6.58403873e-01
  1.24987423e-01 -3.57119173e-01  5.08320510e-01  7.45897412e-01
 -9.63956788e-02 -6.42654777e-01 -3.77559841e-01  4.66387510e-01
  3.06569546e-01 -3.97080630e-01 -1.77463010e-01 -5.20230711e-01
  4.92013723e-01 -8.32316205e-02  1.66559681e-01  4.98535007e-01
 -2.23315895e-01  3.21487593e-03 -4.11002189e-01  1.48229584e-01
 -3.14603359e-01  3.32460344e-01 -9.08058230e-03 -6.37472188e-03
  2.46280774e-01 -6.01564527e-01  4.82423067e-01 -3.02756101e-01
  1.15273185e-01 -4.13688391e-01 -7.85513446e-02 -2.50049770e-01
  6.23340130e-01 -6.50157556e-02  4.84982431e-01  1.77627262e-02
  1.67762727e-01 -3.11139047e-01  6.91610873e-02 -3.64236891e-01
  1.07595418e-02  7.64503926e-02  8.28477740e-02  1.25219986e-01
 -6.42688870e-02  7.86956489e-01  9.12231132e-02  3.29201549e-01
  1.91554278e-01 -4.02502976e-02  9.57806483e-02  5.12783945e-01
  2.38088667e-01 -5.62362313e-01 -2.58906871e-01  5.56995273e-01
  2.01526523e-01 -4.20909107e-01  5.35011962e-02  8.43343958e-02
  5.20978086e-02  2.54333718e-03  3.72434467e-01 -2.50560716e-02
  4.90222156e-01  4.25498843e-01  2.80118026e-02 -4.42100823e-01
 -2.67974455e-02  3.87254745e-01 -3.69018912e-01 -1.96693897e-01
 -6.41284212e-02  2.93842912e-01  4.34269994e-01 -6.19702637e-01
 -4.72025394e-01  5.48247039e-01 -9.01345551e-01 -5.53624630e-01
  2.54117101e-02  3.82756054e-01 -1.54802635e-01 -2.14796215e-02
 -1.40880138e-01 -1.58419266e-01  3.83231848e-01 -4.30893302e-01
  1.05202384e-01  2.94010341e-01  1.13335401e-01  3.14253181e-01
 -1.03545494e-01  3.32217038e-01  4.00469929e-01  3.06729227e-01
 -1.35439616e-02 -2.32894719e-01 -2.82818708e-03 -4.71694991e-02
  1.37464643e-01  1.97651654e-01 -4.58065644e-02 -2.21098751e-01
  4.53217447e-01 -4.67501342e-01 -3.65723759e-01 -4.64878045e-03
 -4.52193350e-01 -1.38351500e-01 -1.39445484e-01  5.05971789e-01
 -6.00779891e-01  3.93154591e-01  3.55078697e-01  6.97860047e-02
  3.88542235e-01 -6.96770906e-01  8.81666064e-01  9.21312720e-02
 -5.58983386e-02  1.33491442e-01 -2.34106392e-01 -3.66623625e-02
  4.97244000e-02 -3.03680867e-01 -1.45557359e-01 -1.43799961e-01
  4.22973454e-01  2.47542888e-01  5.10278523e-01 -2.37741843e-01
 -1.19852677e-01  1.48313746e-01 -1.01882450e-01  3.84650797e-01
  2.21469581e-01  4.51819241e-01 -2.98856139e-01  1.78186476e-01
  1.55023605e-01 -2.91844279e-01 -3.17410827e-02  2.80907869e-01
 -2.59687871e-01 -5.12425244e-01 -7.08469331e-01  1.77423388e-01
 -3.95297597e-04  7.72256553e-02  4.90773946e-01  9.50561091e-02
  1.90336049e-01  2.48246893e-01 -1.13376722e-01 -2.20424905e-01
  5.30371964e-01  6.63270056e-01 -4.97054383e-02 -3.88513476e-01
  4.59709018e-02  1.78023744e-02  6.45035863e-01  2.22124770e-01
  1.14168376e-01  7.84449279e-01  4.51653153e-01 -3.27455223e-01
  3.62169981e-01  6.08046412e-01 -4.55156565e-02 -4.46946800e-01
 -6.42811283e-02  2.09866494e-01 -1.92258775e-01  4.32282239e-01
 -1.39761031e-01 -2.28481684e-02 -3.78406823e-01 -2.88312614e-01
 -4.09653425e-01  8.85548368e-02 -2.08247051e-01  1.44431680e-01]"
https://research.britishmuseum.org/collectionimages/AN00611/AN00611816_001_l.jpg,This ukiyo-e shows four women and one man. Only men have luggage and it looks like they are taking a walk in the spring.,"[ 0.04407169 -0.03924042 -0.36604527  0.31908059 -0.2668094  -0.35708728
  0.52498543  0.19085656 -0.12670608 -0.10838203 -0.03216313  0.09987196
  0.39596847  0.06349611  0.15968621  0.58340716  0.34088081 -0.34494334
  0.33523196  0.32775751 -0.25868711 -0.04320818 -0.32494962 -0.14764915
  0.45724058 -0.44657779 -0.05640141 -0.21882206  0.09643882 -0.25352287
  0.01221992  0.21511602 -0.16590673  0.04744751 -0.3407447  -0.18366441
  0.1011458   0.51885211  0.17457514 -0.09971794  0.12672956 -0.69332737
  0.05795115 -0.21837506 -0.06875239 -0.0837078  -0.18525098  0.13941748
  0.47250143 -0.50934559 -0.00828749 -0.41921926  0.31793708 -0.09125356
  0.12738362 -0.28664568  0.21905057  0.10798896  0.12897068  0.05015726
  0.20167735 -0.25741249  0.33278087 -0.24403676  0.14918506 -0.74393886
  0.41090176  0.12754738  0.09254544  0.27739072  0.02079358 -0.23183058
 -0.08604572  0.06357986  0.10031716  0.25248992 -0.38863543  0.02652251
 -0.14821137  0.28738019  0.34453365  0.51598388  0.12901536 -0.02038743
  0.06721391 -0.22393401 -0.27359363  0.11545991  0.26009986  0.44609821
  0.09294621 -0.06056472  0.5691483  -0.43847138 -0.35002691  0.05622222
  0.3208515   0.07735422 -0.42290044 -0.40237153 -0.44348502 -0.08465247
 -0.10014046  0.29102567 -0.37449545  0.20904025 -0.18810047  0.09753386
  0.18590882 -0.23040201  0.57804304 -0.16533673 -0.17363738  0.13982186
 -0.27058229 -0.23185746  0.21851681  0.51810056 -0.07080916  0.59931195
  0.07568169 -0.71255225 -0.05614204  0.65135038 -0.09982549  0.32797438
 -0.28092054 -0.23596536  0.29876786  0.25677285 -0.28839254  0.28047532
 -0.2344164  -0.01814385 -0.33111778 -0.03044227 -0.3797684  -0.21762317
 -0.38663515 -0.02802187  0.07951296 -0.4919267   0.41347617  0.19793336
 -0.17541009  0.02817447 -0.14565864 -0.09571799  0.13266061  0.3377046
  0.28076389 -0.04348925  0.11720046 -0.19894373  0.47393319 -0.14689778
  0.10937536 -0.26673755  0.67453986  0.16025592 -0.2910367  -0.02891885
 -0.29032859  0.01369913 -0.20074491  0.18780233 -0.22284013 -0.14803278
  0.40735468 -0.26643217  0.20667401 -0.0244613   0.44685099  0.14244442
  0.00461514 -0.54070485  0.03795109  0.21993761 -0.25186759  0.27805057
  0.15051425  0.54281712 -0.00660736 -0.26769251 -0.19468613 -0.09084606
 -0.25226125 -0.19478384 -0.31132382 -0.05857026 -0.08651587 -0.84228718
 -0.20246141  0.12699558 -0.16897446 -0.19344796  0.17018858 -0.51376182
 -0.03593279 -0.10970989 -0.10941701 -0.37062842 -0.06096955 -0.63262546
 -0.25698638  0.02589427  0.13921678  0.52544463 -0.00718212 -0.19337687
  0.35230261  0.15595907 -0.03684558  0.15921742 -0.0110879   0.14091696
  0.10137032 -0.13613734 -0.04311927  0.17867614  0.53483689  0.20220844
 -0.44564137 -0.03150386 -0.39769736 -0.07200047 -0.19363111  0.29243642
  0.0515943  -0.16943593  0.45183024 -0.03166709 -0.08550287 -0.24414138
  0.01867692 -0.34398627  0.16122794  0.14747502  0.0363177   0.32357451
 -0.23529944 -0.40378028  0.10510313 -0.0758436   0.33761728 -0.07291776
  0.20384464  0.18121466  0.59296358  0.27814826 -0.04127891 -0.17718668
  0.60490608  0.17310163 -0.24970083 -0.16622052  0.3109602  -0.72202981
  0.09198744  0.0694502   0.34841552 -0.64265645 -0.23932078  0.08983665
  0.13570301  0.02864065 -0.25370061  0.37217525 -0.03756504  0.51688439
 -0.00098778 -0.26341698  0.11960367  0.38216367  0.05285022 -0.31235877
 -0.14852725 -0.17089327 -0.01031478  0.31673649  0.24036846  0.74461049
  0.21876235  0.05861304  0.43341294  0.25357705 -0.27698901 -0.15838963
  0.42715746  0.05167047 -0.33054718  0.41725761 -0.15959261  0.11400051
 -0.18526503 -0.47769034 -0.25602478 -0.12480265 -0.0728967   0.03398196]"
https://research.britishmuseum.org/collectionimages/AN00546/AN00546692_001_l.jpg,"From left on, it's a woman is cleaning the other woman's feet, two men are talking beside a sedan, the maid is talking to the woman in the sedan. The picture in the right contains three women, one of them is sitting on a chair and chatting with the other two.","[-0.52357376 -0.69856548 -0.61687011 -0.29317966  0.32019672 -0.07825021
  0.67907566 -0.09349931  0.1069873  -0.21787661 -0.31032199  0.34095687
  0.15601639 -0.06167074  0.16439447  0.30363935 -0.0634303  -0.33432615
  0.15975696  0.57616895 -0.56605703  0.14374205  0.21175522  0.02548144
  0.78989166  0.00857685 -0.59875059 -0.20496082 -0.04163933  0.1311385
 -0.17628092 -0.20767422 -0.5764789   0.09927901 -0.38525963 -0.09108967
 -0.03338885 -0.22723629  0.3405579   0.24480835  0.44533834  0.24705556
 -0.36070105 -0.57268852 -0.09825893 -0.3266764   0.06127004  0.0709949
  0.66042048 -0.59117532 -0.16844179 -0.51998782  0.53856069 -0.37995446
 -0.35342875 -0.42828417  0.37282586  0.04246185 -0.15473306 -0.63179791
  0.3215307  -0.40028536  0.22835381 -0.24428508 -0.24670117 -0.44551522
  0.01030983  0.34107301  0.4005523  -0.29984578  0.47114128 -0.02815401
  0.44326106  0.5120849  -0.07169367  0.41259843  0.00144631  0.12993224
  0.17770612 -0.2822153   0.70065665 -0.13695604 -0.47272003  0.36770055
  0.09830497  0.05900018 -0.26275918 -0.20803025  0.54155403  0.36972347
  0.18600604  0.38897604  0.42787147 -0.16605332  0.29884914  0.0912047
  0.50942886  0.0879977  -0.84188908 -0.12532255 -0.33695403  0.0151219
 -0.34323567 -0.08550312 -0.11679254  0.12093781 -0.29043442  0.06553038
 -0.01662296 -0.33760476  0.27226821 -0.22409751  0.0297477   0.23352288
 -0.33233976 -0.49159935  0.19598763  0.43976998 -0.02804771 -0.02162848
 -0.36409754 -0.18386824 -0.07515794  0.22775355  0.26857102  0.08941799
 -0.34973368 -0.30850488  0.27566302  0.09121885  0.30322987 -0.15577044
 -0.15768604  0.08617409 -0.53415662  0.44135514 -0.16722894  0.13945983
 -0.10728277 -0.20722295 -0.33809483 -0.79011536  0.43279195  0.008117
  0.14494972  0.10894402 -0.85082173  0.02544373  0.27967206  0.1649951
  0.50683641  0.30464014  0.15712582  0.23639899  0.41112483 -0.21319659
  0.44664767 -0.14065066  0.31505889 -0.26465547 -0.07328674  0.27095774
 -0.09270313 -0.01273574 -0.65357351  0.07331857 -0.11776128  0.19955331
 -0.02996572  0.07552736  0.17163347  0.6217441  -0.06008592  0.04562799
  0.12474786 -0.22226739 -0.12599477  0.43732375 -0.23296858  0.17650928
  0.07695962  0.77523386  0.19244805  0.20447801  0.28643408  0.17396723
 -0.41938061 -0.55119187 -0.60050648  0.42203206 -0.29850271 -0.6628499
  0.13955222  0.44237453 -0.45851117 -0.67069995  0.20393844 -0.40236843
  0.27033851  0.02562789  0.26080358 -0.33383322  0.3478865  -0.28856763
 -0.50151372  0.06867368 -0.27912021  0.10646681 -0.13225099  0.09978186
  0.20550166  0.18886675  0.28993034  0.109874   -0.02170587  0.10757204
  0.15569857 -0.23372173 -0.08496834  0.09552921  0.5411585  -0.3551144
 -0.35886955 -0.95700747 -0.47917452 -0.25181165 -0.03686975 -0.27499703
 -0.1507663   0.24642964  0.12842493  0.02986129  0.43199331 -0.12034146
  0.53768224 -0.67098451 -0.12055093  0.48157722  0.28506655 -0.01827853
  0.27391669 -0.87888187 -0.16888317 -0.14704649  0.38767102 -0.13239709
 -0.07713117  0.15753359 -0.14265119  0.32192057 -0.26642653  0.24608734
  0.4764643  -0.1184262  -0.45694405 -0.46658954  0.09590017 -0.49121919
  0.45239568  0.02779136  0.32023364 -0.63302439 -0.11246316 -0.16486889
  0.27836508  0.02605913  0.00324038  0.65513957 -0.31235737  0.44446683
  0.24059704  0.1056572   0.51589864  0.34143835 -0.24337332 -0.3561497
  0.04110199 -0.0256147   0.13476373  0.08308026  0.76071662  0.13914956
  0.61839116 -0.07937235  0.61463445  0.36990064  0.17839804 -0.55262005
  0.47905204 -0.53248626 -0.32609904  0.48953933 -0.91728354 -0.2547695
  0.04440451 -0.18524504 -0.5531351   0.33121574 -0.15648657 -0.36306414]"
https://research.britishmuseum.org/collectionimages/AN00527/AN00527032_001_l.jpg,There are four people in the picture. One man is painting and three women is watching the painting.,"[-0.38926414 -0.16753669 -0.19724002  0.21817212  0.07891494 -0.19199219
  0.4455241   0.10615508  0.02226252 -0.07701681 -0.15092744  0.25238189
  0.27372721  0.06683939  0.00686161  0.55193239 -0.04484976 -0.05425714
  0.35077718  0.23598112 -0.09789948 -0.35042796 -0.22052784 -0.25860286
  0.30021957 -0.29361704 -0.08505891  0.3648496   0.25379017  0.07212488
  0.04683009  0.08560119 -0.25611863  0.1131925  -0.38329059 -0.11111914
  0.12986936  0.12805751  0.19465651  0.05578158  0.07249206 -0.01937365
 -0.20656815 -0.54154009  0.13755529  0.06406347  0.05874632  0.01029498
  0.01826887 -0.47302058  0.03951057 -0.19076066  0.3194859  -0.14516175
  0.07767882 -0.23367248  0.14141616  0.18109177 -0.15639375 -0.09527522
  0.32104045 -0.06323616 -0.02451228 -0.24198824  0.0448319  -0.05944867
  0.04056879  0.0570653   0.24693306  0.1284357   0.34493476  0.0748294
  0.18923514  0.1875145  -0.25083485  0.28057384 -0.01726354  0.40675262
 -0.2381063   0.08515309  0.15667954  0.12210213 -0.00745969  0.0206094
 -0.1732184  -0.09770244 -0.02145119  0.08589333  0.40194172  0.5835495
  0.22803803 -0.10717304  0.14666612 -0.42829052 -0.23209442  0.21550995
  0.33813342  0.13207699 -0.35448605 -0.00372746 -0.14998437 -0.14920971
 -0.41996476  0.20272166 -0.13721654  0.05413643 -0.03771736 -0.06282253
 -0.02427341 -0.11430665  0.11946687 -0.18784158  0.02993917 -0.01388782
 -0.56785142 -0.33297667  0.25647065  0.13512003 -0.28287333  0.35921183
  0.06832179 -0.42197999 -0.09159307  0.40976968 -0.12636492  0.06483664
 -0.45683715 -0.42197099  0.03424702 -0.03012036  0.21784708 -0.0702941
 -0.01510761  0.11353955 -0.25263697 -0.08231432 -0.30529079 -0.00270555
  0.14931312  0.17525087  0.20840195 -0.17626709  0.37652737  0.05016312
 -0.02168116 -0.13916478 -0.00288803 -0.07133975  0.05331625  0.44136712
  0.29166993  0.08914224  0.1117231   0.01783383  0.25174746 -0.25566542
  0.27509585 -0.15222356  0.11972584 -0.1840976  -0.32596549  0.11146857
 -0.14441375  0.42775485 -0.4310616   0.12036219 -0.20350908  0.06675757
  0.29132503 -0.17442918 -0.02257141  0.17080031 -0.16295141  0.21222073
  0.06604237 -0.29822981 -0.14131424  0.22497043  0.04647559  0.01928496
 -0.09385251  0.60097241  0.14521454 -0.16380222  0.07251581  0.01267747
 -0.19551361  0.05183643 -0.41943461  0.24015224  0.05822175 -0.38772774
  0.03692524  0.04780149 -0.29060939  0.00966754  0.21712013 -0.32118851
  0.23554346  0.12956233  0.2880652  -0.02451884  0.17385143 -0.4675529
 -0.13506632  0.48154986 -0.1600437   0.47810522  0.1364612   0.01984729
  0.03852706 -0.00433129  0.14796856  0.34148338 -0.08333849 -0.05053648
  0.09370332 -0.0580296  -0.03763657 -0.1649178   0.45703164  0.05948345
  0.11192473 -0.26726162 -0.2288737  -0.12394948  0.23762514  0.13867876
 -0.32722741 -0.12625478  0.40845984 -0.19458365  0.59755188 -0.26359358
  0.17611414 -0.29958323  0.07546865  0.11127696 -0.02416232  0.09600325
 -0.11212725 -0.39167199 -0.25200135 -0.2282996   0.25375065 -0.1387668
 -0.25245038  0.04944582  0.02463496  0.03856723  0.01785604  0.11966105
  0.13336374  0.03356939 -0.17457327 -0.24872375  0.18718602 -0.37878776
  0.01712271 -0.13773428  0.27583787 -0.3211813  -0.42928186 -0.00748686
  0.31247956  0.19050416 -0.08981046  0.13901125  0.0093989   0.27132589
  0.12974466 -0.08669655  0.22361165  0.33615842  0.13617629 -0.06702982
  0.01520816 -0.32920286  0.117599    0.08469827  0.24021818  0.21940175
  0.23681124 -0.03176844  0.39503878  0.09769788 -0.02858501 -0.23477387
  0.06128098 -0.08502836 -0.17770891  0.34792286 -0.20895764  0.05412041
  0.1117927  -0.20711027 -0.2048694   0.08357877 -0.00610848 -0.19078791]"
https://research.britishmuseum.org/collectionimages/AN00513/AN00513096_001_l.jpg,"There are two girls playing Japanese traditional badminton on the top of the picture, two girls playing balls on the bottom, and a woman holding a baby in the middle.","[-0.38722932  0.07956318 -0.39237711  0.7161414   0.20316209  0.05198155
  0.28557771 -0.22726683 -0.38918778 -0.04486828 -0.63376176 -0.03704788
 -0.03083974  0.11762433 -0.10796379  0.2841939  -0.30928552 -0.28710061
  0.2522282   0.55563998 -0.55832136  0.08973747 -0.34756306  0.0194523
  0.58509696 -0.26442942  0.14266402 -0.04833291  0.00996006  0.08065131
 -0.2337124  -0.17156743 -0.23776807 -0.04018658 -0.57347471 -0.33916387
  0.02595919  0.15959568  0.05030748 -0.17213668  0.04480218 -0.07372298
 -0.06615222 -0.22264048  0.27397874 -0.79018366 -0.35721329  0.09670209
  0.14466132 -0.38395754 -0.15999213  0.03600074 -0.09620188  0.10225205
 -0.12221362 -0.37686393  0.07774389  0.00083053  0.04354101  0.16945745
  0.37382472  0.04946554 -0.04241631 -0.28561434 -0.14796907 -0.0152621
  0.2918323   0.16847275  0.52712613  0.16675884  0.10146949 -0.04808216
  0.20528406  0.13363865 -0.18214029  0.19264194 -0.08884512  0.29734901
  0.07308938  0.1479592   0.5008378  -0.10202523 -0.08794115  0.09592938
 -0.13638347  0.15624861 -0.05298026  0.07278911  0.68326849  0.29097417
  0.03581776 -0.1313016   0.30657548 -0.23022971 -0.132991    0.19020297
  0.4787696   0.00693109 -0.56217116 -0.18551055 -0.57557601  0.24475104
 -0.30159158 -0.00621821  0.05196509  0.36943242  0.25450709  0.08715606
  0.16576323  0.15214856  0.26410225 -0.34729889  0.18425173  0.34878865
 -0.60058379 -0.23633216  0.26270452  0.11915112 -0.0015721   0.29022276
  0.12630035 -0.54690444 -0.07139461  0.29646948  0.29564902  0.6010986
 -0.2815828   0.03811578  0.21718931  0.38795501  0.53201711 -0.14804313
  0.07340524  0.01606862 -0.0597938   0.03270116  0.07509183  0.3100141
  0.34020349  0.24997185 -0.05123235 -0.32397592  0.12930228  0.00125716
  0.0940296   0.1590538  -0.24433264 -0.15470356 -0.07016268 -0.16921502
  0.1215103   0.42826313  0.24165417 -0.09904761  0.01628857 -0.40434489
  0.107524    0.02888347  0.28189319 -0.01344588 -0.28166452  0.55789536
 -0.24625225 -0.03219857 -0.14862831  0.25326318 -0.01070514  0.55066884
  0.22977364  0.07203005 -0.05234432  0.63373417  0.2768155   0.05761015
  0.26060647 -0.4484517  -0.25344995  0.48315823  0.00439549  0.12160668
  0.06685644  0.41053459 -0.28489178 -0.35929805 -0.07086165  0.32454905
 -0.34831452  0.21440248 -0.4576914   0.32308939  0.21941155 -0.551458
  0.10233686  0.40133923 -0.09313928 -0.34395668  0.32910028  0.07308127
 -0.0127964   0.04229803  0.3324782  -0.28602359  0.15240109 -0.1894435
 -0.23968986 -0.00653871  0.01048328  0.09333919  0.00662221 -0.04812315
 -0.01698317  0.19263388  0.30047831 -0.15356298  0.00702915 -0.06668185
  0.29346702  0.10062721 -0.07913679 -0.17047201  0.52110326 -0.26833758
 -0.15567999 -0.25827572 -0.50727868 -0.37820107  0.00312481  0.0685626
 -0.42209673 -0.35812077  0.52356809 -0.57438672  0.50388068 -0.51538134
  0.19834292 -0.32850927 -0.03774214 -0.22595778  0.27677581 -0.24240322
 -0.07976911 -0.56820285 -0.28672391 -0.14013146  0.42761624 -0.1089832
  0.31678739 -0.34866297 -0.28207633  0.07661741  0.39237458 -0.36007449
  0.48363608  0.43175298  0.00652135  0.10054278  0.07376955 -0.5725823
  0.1109639   0.01441071  0.14366354 -0.13728276 -0.22003853 -0.08584085
  0.36717969  0.08364063 -0.08127641  0.24625352 -0.05968057  0.15223144
  0.01530517 -0.55891389  0.44558549  0.60173017 -0.17225447 -0.06961194
  0.24392404 -0.19553037  0.43908224  0.01221992  0.55214393 -0.09433835
 -0.21744338 -0.00174263  0.13323551  0.08169937  0.20558149 -0.15994743
 -0.16762786 -0.46901441 -0.50061029  0.35673758 -0.17416887  0.05545301
 -0.17387071 -0.55496526 -0.46617547  0.03024744  0.05294831  0.15563983]"
https://research.britishmuseum.org/collectionimages/AN00602/AN00602826_001_l.jpg,"there are many people in the picture. All of them are men. people in the outside still do a war, killing each other. and people in the inside panicking because of the war outside.","[-4.88714963e-01 -1.88374072e-01 -4.52755094e-01  5.90177216e-02
  6.06475100e-02 -4.18151736e-01  4.46206689e-01  1.45197868e-01
  2.46679112e-01 -1.39343053e-01 -2.80359566e-01  6.08856529e-02
  1.40471190e-01 -2.22153738e-01 -5.24288192e-02  3.19870234e-01
 -8.69101137e-02  5.70047423e-02  1.83124319e-01  2.25028731e-02
 -2.30607718e-01  3.37525666e-01  1.38709337e-01  7.25120366e-01
  6.61664188e-01 -7.19173476e-02 -2.16057241e-01  1.30986273e-01
 -1.43878981e-02  6.48045093e-02  9.39181820e-03  1.36500359e-01
  5.33474758e-02 -3.56570706e-02  1.83294147e-01 -6.06437683e-01
  1.54770404e-01 -2.90467143e-01  3.87879133e-01  1.30512923e-01
  1.89244092e-01 -1.58862583e-02 -2.81820506e-01 -3.53366435e-01
  1.04506984e-01  1.28892764e-01  4.13579345e-02  9.17492881e-02
  2.07056165e-01 -5.99825561e-01 -2.81833112e-01 -5.89255273e-01
  3.84819537e-01 -2.20948681e-01  2.33872496e-02 -1.67726204e-01
  5.31220257e-01  2.20370069e-01  1.22581370e-01 -3.76376286e-02
  2.69762784e-01 -9.83650982e-02 -2.65618414e-01 -2.23700657e-01
  2.52492607e-01 -3.44238102e-01  3.42435092e-01 -2.98453212e-01
  2.27486953e-01  1.54747903e-01  8.82636756e-02  2.86815584e-01
  2.82083094e-01  1.08775392e-01 -2.73663819e-01  2.84729332e-01
  2.44139418e-01  3.81124288e-01 -4.26372021e-01  2.32719490e-03
 -5.10125235e-03 -1.40497284e-02 -9.03197750e-02 -2.94136882e-01
 -6.66209310e-02 -9.61716026e-02 -2.78326869e-02 -2.45384708e-01
  4.93314475e-01  2.28164032e-01 -7.21533120e-01 -3.69699776e-01
  2.05324199e-02  4.09920961e-02 -3.61861408e-01 -1.39057919e-01
  3.51549715e-01 -1.00166544e-01 -3.46991196e-02 -2.59071112e-01
 -5.59670329e-01 -5.70051409e-02 -1.13503665e-01  2.79697329e-01
 -5.89105301e-02  2.46374682e-01  4.16955873e-02 -8.42258185e-02
 -5.68162143e-01 -1.96627125e-01  3.55469733e-01 -1.50116742e-01
 -2.53459741e-03 -3.05531155e-02 -5.64891577e-01 -1.91309348e-01
  2.87289433e-02 -6.50271997e-02 -1.54856771e-01  3.87610704e-01
 -1.08421780e-01 -4.20848042e-01 -2.32949540e-01  1.84282511e-01
  2.32565962e-02  3.21759580e-04 -1.42306447e-01 -2.34917268e-01
  1.74465954e-01  2.25719698e-02  2.78922558e-01  1.76763698e-01
 -1.61819234e-01  2.69749135e-01 -1.47935942e-01  5.56133408e-03
 -3.96403044e-01  1.54849142e-01 -3.40541482e-01 -1.32201752e-02
 -5.71089163e-02 -1.68322533e-01  3.02682161e-01  9.66796800e-02
 -2.06914544e-01  9.76560730e-03 -1.91120788e-01 -3.26105624e-01
 -1.57013416e-01  2.61319607e-01  2.66510636e-01 -2.93019786e-02
  5.26522279e-01 -5.81178218e-02  1.22844473e-01 -2.14116305e-01
  2.27028474e-01 -2.19915569e-01  7.58871809e-02  2.76168555e-01
  1.58057749e-01  7.42972223e-03 -5.38879409e-02  2.50596344e-01
 -2.78830796e-01  2.83429235e-01 -2.64599949e-01  4.38335568e-01
  5.09616375e-01 -3.92355263e-01  7.35486858e-03  2.43573077e-02
  2.17496213e-02 -1.34995148e-01 -2.03398056e-02 -3.88589978e-01
 -2.27969453e-01  6.58330977e-01 -1.25072330e-01 -3.62805843e-01
 -1.17429659e-01  6.11856401e-01  1.78867087e-01 -2.45252743e-01
 -8.55664983e-02  3.12923223e-01 -2.08452031e-01 -4.39040869e-01
  6.63985088e-02  4.12547618e-01  5.01683243e-02 -6.01643801e-01
  1.23619698e-01  2.17282519e-01 -3.78398597e-01 -1.14634439e-01
  3.52620296e-02 -5.27378917e-01  1.63968131e-02  1.32254526e-01
  2.31305197e-01 -2.65236437e-01  2.21359119e-01 -4.10042346e-01
 -4.08602417e-01  3.03427875e-01 -3.81071568e-01 -1.52837755e-02
  1.28526658e-01  3.86958599e-01  9.22077224e-02 -1.55248389e-01
 -1.71712771e-01 -9.33068842e-02 -1.38855487e-01  2.14560717e-01
 -9.14650187e-02  1.77562386e-02  3.02791595e-01 -1.12486564e-01
 -3.01960646e-03 -2.42919520e-01 -1.68278411e-01  1.09269299e-01
 -2.45445907e-01 -4.17012125e-01 -2.41065845e-02 -2.65153736e-01
 -2.67559290e-01  2.78572410e-01  2.30158076e-01 -1.29233912e-01
  2.64466405e-01 -3.44304472e-01  2.46418715e-01 -8.90546963e-02
  7.04074502e-02  2.43212566e-01  1.06243916e-01 -6.18369840e-02
 -6.22496605e-01 -9.32340324e-02 -1.88391984e-01 -4.59502250e-01
  3.23182076e-01 -5.45342825e-02  1.16146849e-02  2.44930208e-01
  1.67041540e-01  4.38758075e-01 -1.36340737e-01 -4.80567157e-01
  6.64712815e-03 -1.35600165e-01 -3.99948120e-01  5.51876687e-02
  1.41087323e-02 -1.56022072e-01 -2.85126525e-03 -1.39700547e-02
  5.16530037e-01 -2.76186258e-01 -1.38742507e-01 -1.53315708e-01
  5.94616197e-02 -1.42912582e-01 -8.73124152e-02 -1.65144697e-01
 -1.79074600e-01 -7.50557259e-02 -9.72242653e-02 -1.88314587e-01
  2.18199387e-01  2.62666315e-01  1.12581648e-01 -1.60907239e-01
  2.24759579e-01 -1.97972149e-01  3.55073959e-01 -4.14982401e-02
 -2.04760492e-01  2.17193753e-01  1.51566580e-01  7.59114996e-02
  7.50114143e-01  1.69004202e-01  2.45318096e-02 -4.17059287e-02
  5.44047356e-01 -2.29526877e-01 -1.81174129e-01  3.88513327e-01
 -5.26438832e-01 -2.25855008e-01  9.56395194e-02 -3.60892683e-01
 -4.39388961e-01  2.58690953e-01 -2.07176119e-01 -1.88546196e-01]"
https://research.britishmuseum.org/collectionimages/AN00601/AN00601788_001_l.jpg,the man show the picture of warrior maybe he is a general of some army. the warrior have a bow that he carried in his back. and he hold an arrow in his right hand.,"[-3.45519751e-01  9.03733596e-02 -3.14685464e-01  6.83846995e-02
  2.23065272e-01 -2.03911483e-01  3.26190561e-01  5.51863201e-02
  1.98160671e-02  1.10748850e-01  2.92863667e-01 -3.81010994e-02
  3.94400775e-01  2.35457659e-01  4.91471440e-01  2.07837656e-01
  5.88562667e-01 -2.47792527e-01 -2.46527325e-02 -1.41937211e-01
 -1.90130726e-01 -2.83729464e-01 -1.59076273e-01 -6.53038979e-01
  4.70612735e-01  1.51183337e-01 -3.34740691e-02 -2.22981665e-02
 -4.33147401e-01 -2.40098193e-01  8.95611271e-02  3.96387689e-02
  1.23740596e-04  2.93173701e-01  1.93720497e-03 -2.24962488e-01
 -6.22447394e-02 -6.52777404e-03  1.45275801e-01 -6.85703531e-02
  1.50035828e-01  4.55846041e-01 -3.73071641e-01 -8.42577755e-01
 -5.16618118e-02  2.92369127e-01 -1.33966401e-01 -1.03841141e-01
  5.31877816e-01 -1.87010050e-01 -4.65648204e-01 -2.19722450e-01
  4.43962425e-01 -4.35645223e-01 -3.18138637e-02 -5.51758409e-01
  2.70495594e-01 -9.54644978e-02  1.22835465e-01  6.42477572e-02
 -4.89260182e-02  8.39718655e-02 -9.63207916e-04 -4.96848464e-01
  2.52559990e-01 -5.04069686e-01  1.66634947e-01 -3.85575563e-01
  6.85866833e-01 -2.16331095e-01  3.67865175e-01 -1.01366982e-01
  3.17444593e-01 -6.34036958e-02 -3.78347486e-02  2.21366793e-01
  4.95239228e-01  1.42297581e-01 -2.56360501e-01  1.59988344e-01
  7.94360757e-01 -9.01465863e-02  2.53307894e-02 -2.50858873e-01
 -4.30343956e-01 -2.81682163e-01 -1.84078455e-01  3.89441818e-01
  8.43558490e-01  4.30521786e-01  2.42993817e-01  1.83244139e-01
  2.77930826e-01 -2.48275355e-01 -3.66059422e-01  1.06459059e-01
  3.70765358e-01  2.57085711e-01 -5.28883159e-01 -2.13304356e-01
 -1.76317096e-01  1.99230239e-02 -3.70111644e-01 -9.43252072e-02
  1.96920291e-01 -1.27572238e-01  2.63582859e-02 -3.09951276e-01
 -1.37322113e-01 -3.59304715e-03 -2.59523213e-01 -2.46820495e-01
 -1.46032110e-01  3.23479712e-01 -7.92831898e-01 -1.74916819e-01
  1.60728544e-01  2.31584445e-01 -7.41818398e-02 -1.68642208e-01
  5.08911125e-02  2.92857308e-02  8.12264606e-02  5.20748138e-01
 -5.32237232e-01 -8.15869793e-02 -1.07429981e-01 -3.55744451e-01
 -2.05000769e-02  4.88696456e-01 -1.54693380e-01  2.22041622e-01
  2.85590962e-02  4.49309170e-01  8.87032896e-02  7.49820247e-02
 -1.41064925e-02 -7.02553168e-02 -4.93080884e-01  6.64989293e-01
  3.21987361e-01 -5.07960975e-01 -9.70913917e-02 -3.09190243e-01
  2.15095848e-01 -2.52238840e-01  6.15711436e-02  1.92290574e-01
  5.62110126e-01  4.76851910e-01  5.05770624e-01  1.91935599e-01
  2.31566399e-01 -1.69802889e-01  4.33859229e-01 -2.65184551e-01
  5.47748804e-01 -2.87985295e-01  9.40938368e-02  4.94186915e-02
 -9.87730399e-02  1.57223061e-01  1.67757213e-01  2.09750876e-01
 -3.16879004e-01  6.23885393e-01 -2.82212406e-01 -1.30132020e-01
  2.61990994e-01 -5.69688529e-02 -1.12723418e-01  6.66637048e-02
 -6.68535382e-02 -1.00611947e-01 -4.41446304e-02  1.78242937e-01
  1.09525248e-02  6.31959260e-01 -3.20836663e-01  7.53012359e-01
  4.47459519e-01  5.37181139e-01 -1.75437927e-01 -9.70982090e-02
  4.33753788e-01 -9.22645852e-02 -1.67008668e-01 -1.28687426e-01
  1.37568280e-01  2.13433616e-03  7.37616196e-02 -1.80029362e-01
  2.41995916e-01  4.53894615e-01 -4.53976780e-01 -2.03082357e-02
 -5.47582805e-02 -1.92753151e-02 -5.41206956e-01  2.77871698e-01
 -1.71134751e-02 -3.96383256e-01  5.99169254e-01 -1.12608135e-01
 -2.22940907e-01  4.53509003e-01 -4.18596834e-01 -1.93581685e-01
 -3.53168666e-01  3.45626175e-01 -2.77800173e-01  1.85058251e-01
 -2.62207180e-01 -3.31758678e-01 -3.13260138e-01 -2.65681446e-01
  4.25161719e-02 -6.43937737e-02 -9.92622301e-02 -3.71015482e-02
  5.00228882e-01  9.98474211e-02 -9.79041979e-02 -9.90796164e-02
 -7.99765944e-01 -5.06719910e-02  1.31089836e-01 -1.99203849e-01
 -4.55236696e-02 -8.12078733e-03  6.66334033e-01 -6.59045056e-02
  5.21224082e-01 -7.84180760e-02 -2.71856487e-01 -8.59359130e-02
 -4.41571400e-02  3.00678611e-01  2.76070356e-01 -4.99838978e-01
 -1.78122208e-01 -4.24035406e-03 -4.01727408e-01  3.14178914e-01
  2.54040539e-01  1.62291065e-01  4.68694568e-01 -2.54951775e-01
  6.93746507e-02  4.91899103e-02 -2.05320016e-01  7.22630769e-02
  1.87555969e-01  3.40651900e-01 -1.32036395e-02  1.48175424e-02
  3.41578782e-01  7.99416453e-02  3.41455698e-01 -6.00203693e-01
  3.97033721e-01 -6.77114964e-01 -3.07893395e-01  6.56188130e-02
  5.51876247e-01  1.87457457e-01 -2.90271044e-01  4.93313313e-01
 -1.48988724e-01  3.39328378e-01  5.67941070e-02  1.49442077e-01
  3.90116215e-01  4.31522042e-01  2.94643402e-01 -3.48254770e-01
  1.01298623e-01 -3.56507838e-01  2.40142360e-01  2.37767577e-01
 -3.37358832e-01  8.27319026e-01  7.00378325e-03 -1.23227470e-01
 -2.08773494e-01  5.00151366e-02  1.55235276e-01 -5.07011414e-02
  9.87527370e-01 -4.26068231e-02 -1.97546840e-01  1.18541144e-01
 -7.70967066e-01 -4.74351168e-01  3.93894494e-01 -4.33132052e-01
 -1.98784377e-02  6.25971079e-01 -2.31772184e-01 -5.06139994e-01]"
https://research.britishmuseum.org/collectionimages/AN00418/AN00418829_001_l.jpg,"There are five people on one boat, four men, one women. The guy sitting on the rear is hardly to find. And one man with a square hat is fishing, and he is successful. Others are cheering for him. The boat is made of wood, with a dragon head on the front, and one monster on the rear. There is a flag on the boat with two character in Kanji.","[-5.77305377e-01 -9.38897058e-02 -1.88796371e-01 -1.82848841e-01
  7.59184286e-02 -3.51086169e-01  2.29181722e-01 -8.67600620e-01
  5.13898551e-01  6.80117831e-02  7.38104200e-03  4.46778476e-01
  2.03267157e-01  2.26837099e-01  1.98546097e-01  2.52687246e-01
  7.62147844e-01 -3.87000084e-01  9.40385312e-02  3.43959689e-01
 -8.33422959e-01  1.24427825e-02 -3.85782570e-02  7.23261610e-02
  7.05084145e-01  1.74327761e-01  2.41245061e-01  8.19343030e-02
  1.37713864e-01 -9.48857144e-02  1.50269881e-01 -2.98372537e-01
 -1.65872887e-01 -1.36108801e-01 -2.07212523e-01 -7.21909165e-01
  3.01375896e-01  1.76143229e-01  5.63953638e-01 -2.87990630e-01
  6.81651011e-03  3.27931643e-01 -1.54863045e-01 -6.39236152e-01
 -1.44053041e-03 -4.73499864e-01  4.29974854e-01 -2.10347667e-01
 -1.32626608e-01 -5.19202709e-01  7.84409046e-02 -4.34101969e-01
  5.77453673e-01 -1.85736611e-01  1.88225955e-01 -1.44343808e-01
  1.99374497e-01  1.05945230e-01  6.78167343e-02 -4.61731553e-01
  6.11991584e-01 -2.79594690e-01 -1.16630591e-01 -3.34617615e-01
  4.27145392e-01 -5.21105111e-01  2.07782924e-01 -3.98423612e-01
  3.07515204e-01 -3.46627504e-01  7.02165484e-01 -2.25255907e-01
  5.44115484e-01 -6.88950539e-01 -1.49862558e-01  2.53075361e-01
  3.38934176e-02 -4.44131643e-01 -6.17067695e-01  4.54490751e-01
  5.98837674e-01 -4.86570954e-01 -6.91717863e-01 -5.14979823e-04
 -6.80418789e-01 -4.15208638e-01  2.99889054e-02 -3.79753292e-01
  3.84335130e-01  4.74535197e-01 -1.55930355e-01  1.75269097e-01
  6.40913010e-01 -6.33973181e-01 -3.35344136e-01 -2.74224073e-01
  5.71833670e-01 -2.10457385e-01 -4.55544263e-01 -2.46339932e-01
 -6.87312707e-02  4.71039638e-02  1.83187231e-01  2.08119974e-01
 -1.46915510e-01  3.42490643e-01  5.44793844e-01 -4.10198241e-01
  3.72925431e-01 -9.52597633e-02  1.81500345e-01  1.41367108e-01
 -5.75255929e-03  7.01715052e-01 -5.62456310e-01 -1.35652363e-01
  5.27810119e-02  3.94951314e-01 -2.77496129e-01  1.76495403e-01
 -1.48247004e-01 -3.73879552e-01 -2.86830425e-01  5.49140334e-01
 -4.21155959e-01  6.71236143e-02 -4.80933577e-01 -5.38257778e-01
  5.13026655e-01  2.75551349e-01 -2.65672356e-01 -6.20986700e-01
 -3.51006478e-01  5.10072470e-01  3.10027689e-01 -3.28425914e-01
  1.42732169e-02  1.08654700e-01 -1.23212174e-01  4.43729192e-01
  1.06620155e-01 -4.53554779e-01  2.75018532e-02 -3.62520248e-01
  2.92425036e-01  1.92950264e-01 -2.88278848e-01 -9.72217917e-02
  6.07122004e-01  4.79091644e-01  1.04670620e+00  7.19141662e-02
  4.47241426e-01 -1.51562807e-03 -5.56736588e-01 -3.94837081e-01
  9.39433947e-02 -2.86571961e-02  8.92414510e-01  3.42479020e-01
 -4.45188820e-01  3.25021625e-01  1.50990754e-01  4.81941044e-01
 -5.97876668e-01  3.64603549e-01 -4.20224547e-01  2.25146025e-01
  5.44878364e-01  1.38451889e-01 -1.90933030e-02 -2.91251570e-01
  3.45493913e-01  1.98902264e-01  2.94032246e-01 -3.77480805e-01
  2.05974326e-01  4.52823699e-01 -6.39572740e-02  3.19831640e-01
 -5.80425799e-01  5.54414392e-01  2.69310027e-01 -5.40632680e-02
  1.31803900e-01 -8.74008611e-02 -3.10442537e-01 -8.60570520e-02
 -4.65256244e-01  5.54286599e-01 -2.57327795e-01 -8.07442665e-01
  1.48791363e-02  3.45130503e-01 -7.20567524e-01  9.34207141e-02
  2.43702278e-01 -7.05769181e-01 -1.40916362e-01  2.18231410e-01
 -1.27763748e-01 -1.09409738e+00  2.86979645e-01 -7.84144700e-01
 -4.29848939e-01  1.56052485e-01  1.52330518e-01  4.17862326e-01
 -3.83513659e-01  4.52381186e-02 -2.07597315e-01 -3.41619968e-01
 -1.91181332e-01  2.62728900e-01 -5.01263440e-01 -3.73775601e-01
 -1.51192844e-01 -7.13377148e-02  6.03386387e-02  6.17435854e-03
  7.59301722e-01  1.75152600e-01  3.15283656e-01 -3.73750955e-01
 -8.23413551e-01  2.87042141e-01 -1.65904239e-01  4.40692663e-01
 -3.02366853e-01 -2.82870919e-01  4.79676425e-01 -4.29985195e-01
  9.80924666e-01 -2.74284422e-01  4.68298607e-02 -1.65393353e-01
  7.08817840e-01  2.37156332e-01 -1.80142671e-01  2.55860835e-01
  5.81399128e-02 -5.51736772e-01  8.11972618e-02 -5.27037203e-01
  3.44105214e-01  5.30823059e-02 -1.79164663e-01 -2.73449123e-01
  4.12304521e-01  1.62165031e-01 -6.84877858e-02 -5.17160654e-01
  1.91340178e-01  7.75368750e-01 -4.68381524e-01 -2.06111461e-01
  1.52124792e-01  4.32032868e-02  2.71285146e-01 -2.53781587e-01
  7.12720335e-01 -4.43822145e-01 -7.34705687e-01 -3.58596385e-01
  1.57558709e-01 -1.23807564e-01 -5.37463427e-01  6.34577870e-01
  4.21263069e-01 -1.66008845e-01 -1.22308552e-01 -1.43343866e-01
  5.54157555e-01  4.80868429e-01 -3.94976698e-02  3.04608703e-01
 -1.76748723e-01 -1.17353596e-01  3.01978350e-01 -9.58894938e-03
  4.16707337e-01  7.57766604e-01  1.29517108e-01 -6.17933869e-01
 -5.02497479e-02  2.21099734e-01  3.79345953e-01 -1.39536176e-04
  2.04451218e-01 -1.64958596e-01 -1.79238841e-01  6.63253307e-01
 -3.77962925e-02  6.13340735e-02  4.12607193e-01 -5.55336595e-01
 -1.17882125e-01  3.39780420e-01 -7.64831841e-01 -5.56924827e-02]"
https://research.britishmuseum.org/collectionimages/AN00588/AN00588993_001_l.jpg,"The picture contains one man who is lifting a woman`s mask. The man is wearing no trousers, but with two swords. I think the season is on autumn, because there are many momiji on the ground. The man seems very sad, maybe it is because he just lost someone that he loves very much.","[-0.54415953  0.24545801  0.02756442  0.25487378  0.11370182 -0.00960525
  0.46882862  0.14753263  0.76202524  0.0422305  -0.17123564  0.3529911
 -0.11506221 -0.06014993  0.27172863  0.28549054  0.48718339 -0.46432734
  0.27641541 -0.03233865 -0.24581876  0.19453157 -0.31288561 -0.42658114
  0.28822193 -0.04227068  0.12008678  0.00621311 -0.2763831  -0.37949219
 -0.48049507  0.08207881 -0.10290466  0.38565519 -0.02962013 -0.68891686
  0.07164653 -0.35609087  0.39251953 -0.55417991  0.28218397  0.23932663
  0.00523482 -0.61450601 -0.27338868  0.59467661 -0.09313895  0.75142145
  0.35961333 -0.14251564  0.09400842 -0.50997382  0.38984856 -0.47010165
  0.12373251 -0.43594041  0.28169024  0.20031509 -0.14732222 -0.75692755
  0.30172455 -0.04980083  0.37132096 -0.17164786  0.04711607 -0.36290786
  0.28136161 -0.12577073  0.12613948  0.12969325  0.91308945 -0.21845265
  0.09145048 -0.32426956  0.20856035  0.50264037 -0.09002531 -0.273642
 -0.14642668 -0.15406424  0.20321606  0.17883018 -0.72382593 -0.46754715
 -0.10943936  0.31867021 -0.00500894  0.15664849  0.69945037  0.45839447
 -0.10250176  0.06398913  0.35368654 -0.10371743 -0.14200981 -0.11639686
  0.9233368  -0.15173072 -0.36764634 -0.41336006 -0.57739902  0.01076105
 -0.45891091  0.02369855  0.53540659  0.23544048 -0.24577998 -0.05988052
 -0.14652748 -0.11423669  0.04148474 -0.27068466  0.01431958  0.4649165
 -0.36240077 -0.18828137  0.20958078  0.0343296   0.18991439  0.55955154
 -0.55129212 -0.61880147 -0.44884166  0.23713903  0.15744677 -0.02242978
 -0.14393936 -0.00274143  0.38219413  0.4825598   0.08538721 -0.46016955
  0.35303664  0.10405582 -0.06343316  0.43145692  0.0263338  -0.13346206
 -0.4396911  -0.1365338   0.09169698 -0.73798478  0.46228331  0.09989482
  0.37888601  0.08776321  0.18090068 -0.06307138  0.42003906  0.16264543
  0.46901053  0.56756258 -0.00863711  0.06149894  0.54961234 -0.81130791
  0.3468996   0.12842681  0.14410062  0.13592005  0.00174641 -0.13146003
 -0.32284042  0.15406378 -0.36026117 -0.13929042 -0.00385103 -0.03591506
  0.3444995  -0.22731709  0.15380044  0.60820693  0.31448495 -0.26730433
  0.11750685 -0.55430567 -0.19529738  0.30352893 -0.01218624 -0.32722771
  0.3644591   0.29345557 -0.45290485 -0.56401825  0.03112203 -0.22662656
 -0.28574067 -0.69918853 -0.28198269 -0.27193189  0.12771082 -0.81105393
 -0.05088882 -0.07647472 -0.30621457 -0.29837543  0.36390537 -0.44896358
  0.10145374  0.2837238   0.24319752 -0.76995701  0.37714586  0.23865013
 -0.59338939  0.38430092  0.11170355 -0.02285395  0.19320343  0.47104138
 -0.12511413  0.44241339 -0.55665505  0.31324169 -0.55512547  0.1013024
 -0.32277045  0.0368765   0.04820237 -0.28007367  0.96803975 -0.10205667
 -0.31273401  0.0290751  -0.52101552  0.07709812 -0.1126733   0.34585118
 -0.24765934 -0.00949069  1.201177    0.03823335  0.88001996 -0.49616227
  0.29005101 -0.39320472 -0.18390796 -0.08027221  0.03594625 -0.07064094
  0.08842935 -0.20877446 -0.09907994 -0.60284764  0.38777032 -0.16691215
  0.31738099 -0.09887863 -0.07976031 -0.02642938 -0.41508016  0.6763581
  0.50967324  0.18496737 -0.70041782 -0.63640136  0.64699048 -0.39285523
  0.4613035  -0.1014387   0.2928853  -0.90363336 -0.36074403  0.14700624
 -0.03430633  0.37288266 -0.17605133 -0.01391813  0.09265751 -0.02127401
 -0.22480257  0.36788857  0.35103443  0.10737025  0.24011563  0.10977958
  0.22776364 -0.88640094  0.23671079 -0.10632554 -0.30007571  0.47407556
  0.78519392 -0.58114904  0.95741069 -0.41309154 -0.38051364 -0.38079607
  0.3953023   0.16944884  0.09247963  0.58762395 -0.36705896 -0.3365972
  0.03629727 -0.62613851 -0.44041136  0.59629583 -0.38224679 -0.05200395]"
https://research.britishmuseum.org/collectionimages/AN00418/AN00418887_001_l.jpg,4 people with white are carrying a little golden house and 6 people with golden surround them. 2 people in golden riding horses on the front. One horse is golden and the other one is white.,"[-6.76520392e-02 -9.92639735e-02  4.68675420e-02  1.84387147e-01
  1.17208697e-01 -2.73646653e-01  4.19496864e-01  2.67250072e-02
  2.57940739e-01  2.08952039e-01  9.77454185e-02  2.16746360e-01
  1.09495975e-01 -6.78126588e-02  1.29725143e-01 -4.42481041e-02
  2.29955733e-01 -1.71874136e-01  2.24993497e-01  1.20657282e-02
 -3.10172021e-01 -1.86266556e-01 -2.73738921e-01  3.56144547e-01
  5.85066974e-01 -1.24960758e-01 -1.87818989e-01  3.23040307e-01
 -1.99557737e-01 -1.47738010e-01 -5.53986073e-01  3.38665724e-01
 -8.99103060e-02 -3.70901048e-01 -2.13052183e-02 -3.79504114e-01
 -3.00830323e-02 -3.20789456e-01  7.20714569e-01 -2.91279942e-01
  4.81056571e-01 -3.32827121e-02 -2.54458129e-01 -2.80130684e-01
 -3.64682198e-01 -6.21519499e-02 -1.25615388e-01 -3.39550823e-01
  2.77904481e-01 -6.01668239e-01  2.47628331e-01 -5.48451841e-01
  3.83852690e-01  1.61288291e-01  4.18849498e-01 -4.45074946e-01
  6.26505315e-01 -1.66606247e-01 -1.80733893e-02 -4.72601533e-01
  3.54284465e-01 -2.74857998e-01  5.93197308e-02 -5.28048515e-01
  3.18496972e-02 -2.90545940e-01  4.16192234e-01  4.33834083e-03
  1.26645878e-01 -5.71247786e-02  7.87987411e-01 -1.84027404e-02
  3.13864321e-01 -1.16457649e-01 -1.88619450e-01  6.15898848e-01
  9.32634324e-02  2.03769058e-01  3.43289733e-01  7.67487809e-02
  6.04620576e-01 -4.63590696e-02 -6.02157772e-01 -4.47877832e-02
 -4.61661607e-01 -9.98391658e-02  6.32812381e-02  2.85767704e-01
  4.77208167e-01  6.86133742e-01 -9.07609388e-02 -1.49801970e-01
  2.22965389e-01 -3.31726104e-01 -2.31521979e-01 -1.15888573e-01
  1.24453530e-01 -1.46371856e-01 -2.26730872e-02 -2.35193267e-01
 -2.56591380e-01  3.18659008e-01 -4.72499244e-02  4.37230527e-01
  2.86365569e-01 -1.68035358e-01  1.23595886e-01 -1.97360218e-01
  5.94098456e-02 -3.81360725e-02  5.22667170e-01  2.89543241e-01
 -3.15912277e-01  1.00827225e-01 -2.71510333e-01 -2.59180546e-01
  4.36907709e-01 -2.66867191e-01 -3.90649259e-01  4.11036730e-01
 -1.75093278e-01 -2.35502660e-01 -2.13660851e-01  2.85516027e-02
 -3.97536874e-01  2.49970615e-01 -3.89323443e-01 -6.68860137e-01
  3.97926509e-01  1.73276559e-01  5.88322341e-01  1.29583940e-01
 -2.83491015e-01  1.72839463e-01  1.69710740e-01 -9.88895744e-02
 -2.57232338e-01  3.18241924e-01 -4.26286757e-01  3.86903077e-01
 -1.51261151e-01 -7.04230189e-01  5.08554101e-01 -2.71592140e-01
  3.59040052e-01 -2.43521392e-01 -4.64787111e-02 -1.95449337e-01
  3.74215722e-01 -1.86804458e-01  4.38448459e-01 -3.88874374e-02
  2.59203583e-01 -1.50907531e-01 -2.38305986e-01 -2.09977865e-01
  1.00464654e+00  8.89611840e-02  6.60732016e-02 -4.76997584e-01
 -1.20156243e-01  2.09385857e-01  9.15984064e-02  1.60010159e-01
 -1.67423591e-01  2.40606248e-01 -3.24916810e-01  1.54473484e-01
  1.56918749e-01 -3.58230740e-01 -3.19355994e-01  5.60226262e-01
  4.10921872e-02 -5.06168664e-01  9.72581282e-02 -5.99488437e-01
 -1.94269329e-01  2.88351506e-01  1.06028035e-01  7.55712807e-01
  1.30253062e-01  5.02131820e-01  3.96866649e-01 -1.13692269e-01
 -1.51782170e-01  1.29144102e-01  6.26423895e-01 -6.31588697e-02
 -6.44370615e-01  6.11672163e-01  2.90337577e-03 -4.06891108e-01
  2.06260324e-01  1.75537884e-01 -2.29631796e-01 -3.32166016e-01
  5.02405703e-01 -4.87977773e-01 -3.35557938e-01  3.41280609e-01
  8.92193392e-02 -3.29347029e-02 -2.80319303e-01 -3.04359972e-01
 -3.03867102e-01  1.76587924e-01 -1.04750887e-01 -1.01168573e-01
 -4.09592777e-01 -1.81983888e-01  4.47927462e-03  2.46599868e-01
  2.28734512e-04 -1.80010945e-01  4.01203521e-02  2.26253524e-01
 -4.24866945e-01  2.01642483e-01  1.82604343e-01 -4.62219231e-02
  8.67789388e-01  1.22326992e-01 -6.59850314e-02 -5.64440906e-01
 -4.15242016e-01  1.15673877e-02  3.57082114e-02  5.82193315e-01
 -2.83958223e-02  6.38076663e-02  5.71264923e-01  7.02448487e-02
  3.66012931e-01 -5.12594044e-01  4.37039196e-01  9.44212377e-02
  2.73048639e-01  1.32957160e-01 -1.11747339e-01 -9.30200443e-02
 -6.96089029e-01  2.01882079e-01 -6.29127622e-01 -1.99244648e-01
 -5.09982646e-01  1.40526414e-01  1.19438693e-02 -1.09609291e-01
  1.02134950e-01  1.72009811e-01 -1.04042422e-02 -1.13440990e-01
  3.40870678e-01  3.82345974e-01 -5.53686559e-01 -3.74135464e-01
  1.08489685e-01  1.22241572e-01  2.00645790e-01  2.04830959e-01
  4.86931056e-01 -4.19559419e-01  4.24527153e-02 -2.62279660e-01
  1.73075840e-01  3.16142231e-01 -1.44597694e-01  5.87198026e-02
  3.18781763e-01  1.61103457e-01  3.88524607e-02 -2.57479865e-02
  2.47084573e-02  2.24099696e-01 -5.24279028e-02  3.02588254e-01
 -1.67426363e-01 -1.82706296e-01  4.00363326e-01  6.33124774e-03
  7.76064247e-02  3.97332102e-01 -2.43918598e-02 -5.34703016e-01
  3.99268299e-01  2.83382535e-01  2.12092862e-01 -3.30290765e-01
  3.43243331e-01 -1.97343137e-02 -2.25055248e-01  3.78390968e-01
 -3.09511721e-01 -1.25376314e-01 -5.23090139e-02 -1.36170790e-01
 -1.24862716e-01  8.12387884e-01 -3.40482354e-01 -8.38551044e-01]"
https://research.britishmuseum.org/collectionimages/AN16130/AN1613004271_l.jpg,Many men with little hair are confusing about the person without head and hands. They are kneeling on the floor and the non-head person are flaying above.,"[-6.20074570e-01 -3.74139041e-01  1.51032647e-02 -8.22917894e-02
  1.12608843e-01 -5.40846646e-01  4.66304868e-01  3.50422502e-01
  2.48754859e-01 -7.28922943e-03 -4.48938161e-01 -1.37762487e-01
  1.62525192e-01 -3.06017250e-01 -5.59137873e-02 -1.01126051e-02
  1.80737842e-02 -5.65349340e-01 -1.33320848e-02 -6.48500724e-03
 -1.80461720e-01  1.65683776e-01  1.74152777e-02 -1.97996572e-02
  7.08002567e-01 -3.58427078e-01  3.21842641e-01  1.88250002e-02
 -1.84218913e-01 -1.62865520e-01 -2.51214415e-01  1.37561902e-01
 -1.53036922e-01  2.05508366e-01 -3.07948530e-01 -4.51835841e-01
  2.53435671e-01  1.43305391e-01  2.96035290e-01 -5.13996601e-01
  5.06332628e-02  1.47192627e-01 -1.96825951e-01 -3.74254316e-01
 -7.74160102e-02 -3.21112067e-01 -7.68020079e-02 -2.20026881e-01
  5.61844230e-01 -6.24471188e-01 -2.93560568e-02 -3.05428565e-01
  6.05124295e-01 -4.90730762e-01  2.39111744e-02 -1.73809484e-01
  3.34715098e-01  1.17925644e-01 -2.24415466e-01 -7.06033587e-01
  3.54152203e-01 -3.14985871e-01 -3.82870585e-01 -2.25522425e-02
 -4.36326042e-02  1.42719299e-01  4.32116330e-01 -3.16484421e-01
  1.47779405e-01 -5.21071181e-02  3.41243625e-01 -6.91052899e-03
  2.91768074e-01 -8.02878588e-02 -6.90827554e-04  2.97744781e-01
  5.08213304e-02  1.26557931e-01  4.24162298e-01 -3.24051343e-02
  6.49489343e-01  1.74920499e-01 -4.90057319e-01 -2.60788761e-02
  2.36710593e-01  3.75261545e-01 -3.02970022e-01 -2.15306118e-01
  6.44369960e-01  1.30726784e-01  2.27732852e-01 -2.61496633e-01
  2.73581892e-01 -1.67867467e-01 -1.04420841e-01  3.42530869e-02
  1.67621553e-01 -2.02451870e-01 -7.02818185e-02 -7.39740372e-01
  1.91292632e-02 -3.86867404e-01 -5.98117001e-02  8.54842365e-02
  3.28481048e-01 -2.10295826e-01  1.35020927e-01 -8.20741057e-02
  2.55959004e-01  1.04905721e-02 -1.84160367e-01 -4.47540730e-01
  9.30473655e-02  1.34884015e-01 -4.57165509e-01 -2.65480783e-02
  2.95666724e-01  2.03996785e-02  2.89030522e-01  8.72709304e-02
  1.88151643e-01 -2.64087051e-01 -4.32090461e-03  4.13743466e-01
  5.24843991e-01  5.77075243e-01 -2.85126388e-01 -5.29491842e-01
 -3.74723375e-02 -3.66709307e-02 -3.78235579e-01  1.46732762e-01
  1.33618593e-01 -5.21658398e-02  1.21807255e-01 -2.09823340e-01
 -5.71228802e-01 -5.89325190e-01  1.86931401e-01  3.81794959e-01
 -4.97926891e-01 -4.75851357e-01  7.24475682e-01 -3.13185364e-01
  1.96835488e-01  6.85094818e-02  3.07852417e-01 -1.82524189e-01
  1.55859411e-01 -4.49330136e-02  4.75301117e-01 -2.37517819e-01
  4.25293922e-01 -1.06057614e-01  1.17144901e-02 -4.63058531e-01
  3.03129673e-01  5.10259159e-02  1.55377209e-01 -1.79284692e-01
 -2.20458418e-01 -1.82458758e-01 -3.69556248e-01  2.81431645e-01
 -3.02014530e-01 -1.37316853e-01 -1.58777982e-01  2.10234269e-01
  1.52069077e-01 -4.84798491e-01 -7.03734607e-02  4.54819798e-01
  6.41063690e-01 -3.99601638e-01  2.20805466e-01 -6.46818995e-01
 -1.77684516e-01  3.17886233e-01  4.14142698e-01  2.09554508e-01
 -2.40751654e-02  6.86895370e-01 -1.17625352e-02  2.38728404e-01
  2.95130283e-01  1.25856295e-01 -4.11589183e-02 -4.29135650e-01
 -1.41747547e-02  4.37264442e-01 -1.55903906e-01 -6.61299288e-01
  1.35119647e-01  5.62443793e-01 -1.77261695e-01 -4.61007148e-01
  1.86355874e-01 -2.57423699e-01 -7.34422216e-03 -4.47951108e-01
  1.29613280e-01 -2.20287800e-01  1.47922263e-01 -3.72197956e-01
  3.06705922e-01  4.92685810e-02 -1.95968486e-02  2.30357185e-01
  1.98352709e-01  8.94788802e-02  2.25024913e-02  3.01605612e-01
 -1.30843282e-01  2.81599075e-01 -1.15118332e-01 -1.68529332e-01
  2.73818135e-01 -1.12848207e-01  1.20356984e-01  1.42017692e-01
  6.09834492e-01  1.27947330e-02  5.88056296e-02 -3.97330612e-01
 -3.63292634e-01 -2.52431244e-01  2.40750939e-01  4.23246324e-01
  3.07842642e-01 -4.14798371e-02  1.13552108e-01 -1.59461737e-01
  2.24636123e-01 -1.19274698e-01 -5.60283996e-02 -8.03037658e-02
 -1.51481209e-02  3.87972444e-02  1.83609813e-01 -7.24250749e-02
 -4.88066077e-01 -7.05475435e-02 -4.12831217e-01 -1.94732755e-01
  3.77667367e-01  2.07803473e-01 -1.75334722e-01 -7.47831091e-02
  2.13285498e-02  6.01588905e-01 -3.75726819e-01 -1.87442318e-01
  4.06935140e-02  2.03567013e-01  2.35574134e-02 -1.13857843e-01
  2.33608615e-02 -2.80918658e-01  4.16990995e-01  1.21231340e-01
  6.84955657e-01 -8.63799334e-01 -2.68414617e-01 -1.90020859e-01
  2.93733984e-01  2.08340243e-01 -4.35756415e-01  2.45959550e-01
  2.99299479e-01  7.13367388e-02 -2.91982561e-01  1.42078444e-01
  1.09409072e-01  3.68812919e-01 -7.97406062e-02 -3.44725400e-01
 -1.43938377e-01 -1.69562593e-01  1.79208606e-01  1.68706616e-03
  2.05514327e-01  6.94260657e-01  3.93725574e-01 -3.20924908e-01
  1.81871161e-01  2.76036430e-02 -2.52948582e-01  2.73633927e-01
  2.64764816e-01 -3.61181170e-01 -8.23780894e-02  1.42772064e-01
 -4.16200846e-01  3.89363199e-01 -4.05686617e-01 -3.09824914e-01
 -1.37182683e-01  1.04402630e-02 -2.46226355e-01 -1.98373973e-01]"
https://research.britishmuseum.org/collectionimages/AN00513/AN00513107_001_l.jpg,"it seems like the main character is a princess or a queen, and two followers are serving her. The two followers are wearing a pair of gloves with dragon pattern","[-3.77528727e-01  4.21876729e-01 -3.12571377e-01  1.33825958e-01
  4.09569025e-01  2.60186046e-01  7.79419363e-01 -3.35451931e-01
  1.66974589e-01 -3.44003648e-01  3.31710249e-01  3.58036339e-01
 -1.44927964e-01  7.37607852e-02  3.13041359e-01 -1.05495885e-01
  3.29697520e-01  8.80194306e-02 -1.19228609e-01  1.15012343e-03
 -2.16162577e-01  2.84968108e-01  2.06496939e-01 -3.76198351e-01
  7.35391140e-01  3.30597013e-01  3.70909125e-01  1.16202809e-01
 -7.08705008e-01 -3.09401788e-02 -1.71902999e-01  2.58975271e-02
  1.81990147e-01 -1.80947199e-01 -3.03226918e-01 -1.41143585e-02
  1.89502463e-02 -3.70293617e-01  5.22789240e-01 -1.32958665e-01
  1.20590359e-01  1.96320880e-02  4.60231066e-01 -2.17678636e-01
  1.57862768e-01 -3.80624458e-02  6.26845867e-04 -5.73262930e-01
  3.83012623e-01 -2.74018347e-01 -4.43722576e-01 -7.84111559e-01
  1.65124714e-01 -4.42456976e-02  4.25009340e-01  3.17396611e-01
  5.86302727e-02 -1.01474941e-01  1.60881713e-01 -1.27830714e-01
  6.53607786e-01 -6.46732926e-01  4.60832119e-01 -3.42236191e-01
 -5.21378033e-02  4.50525992e-02  1.49705872e-01 -5.21548808e-01
 -5.92803210e-02 -1.29453614e-01  1.46087527e-01  1.11933611e-01
 -1.16426431e-01  3.06558818e-01 -2.41806880e-01  6.10777020e-01
  3.33980381e-01 -3.52005154e-01 -1.61326125e-01 -5.97895980e-01
  1.86587960e-01 -1.69222444e-01 -4.14310277e-01 -5.86935937e-01
  3.27555351e-02  9.38870832e-02 -2.18499556e-01 -2.56878853e-01
  1.34327754e-01  5.69817007e-01  1.74288124e-01  5.54989576e-01
  1.75606176e-01 -2.20982060e-01 -2.98111558e-01 -1.49855226e-01
  4.81315553e-01 -1.94782823e-01  1.97315022e-01 -5.02975464e-01
 -1.63262308e-01  3.98908198e-01 -6.94621205e-02  6.57506645e-01
 -2.69479752e-01  5.65605998e-01  3.36694330e-01  2.59800583e-01
  2.97085583e-01  4.74887252e-01 -6.21957257e-02 -8.31055224e-01
  2.15279490e-01  7.89551616e-01 -2.52755404e-01 -2.41268933e-01
 -8.83185491e-02  2.97751963e-01 -4.42383736e-02  6.14886582e-01
  1.27100810e-01 -3.43666196e-01 -1.98251411e-01  4.70122278e-01
 -2.49537945e-01  6.04892910e-01 -1.83626235e-01  1.16538547e-01
  6.30268633e-01  2.03182489e-01  1.24345101e-01  1.31947830e-01
  3.87144387e-01 -8.79802462e-03 -1.17931947e-01 -3.74056339e-01
 -8.06581676e-02 -3.96789998e-01 -7.35698193e-02  2.19788179e-01
 -2.18981773e-01  1.79984346e-02  3.72138500e-01 -2.37918198e-01
 -7.17627481e-02 -1.90995619e-01 -2.18404412e-01 -2.72624105e-01
 -1.02533614e-02  1.05628962e-04  3.90072227e-01  3.46156299e-01
  5.24669766e-01 -6.39680505e-01  1.38180181e-01 -7.67843366e-01
  2.04267099e-01 -3.79037023e-01  2.06100672e-01  3.68814528e-01
 -3.98971647e-01  5.72902679e-01  1.28411800e-01 -6.29116222e-02
 -3.87679935e-01  4.51635271e-01  9.04800370e-03 -2.71913372e-02
  4.40169483e-01  3.12906504e-01  1.92008853e-01  4.76722032e-01
  9.49904501e-01 -5.27643273e-03  5.45082152e-01  1.75738096e-01
 -1.33633763e-02 -4.45512712e-01  6.11036979e-02  5.29814720e-01
  1.32925913e-01  2.23291889e-01 -1.91571623e-01 -1.66522637e-01
  4.63933736e-01 -6.20670319e-02 -1.40793979e-01  1.13904394e-01
 -5.82578480e-01  5.80405712e-01  9.10193026e-02 -3.13359231e-01
 -3.45587172e-02  3.62647742e-01 -4.18668121e-01 -3.04362506e-01
  8.19120631e-02  1.84853062e-01 -2.63491362e-01 -3.59432399e-01
  2.55994797e-01 -5.73704660e-01 -2.88395226e-01 -5.57774484e-01
 -6.45705521e-01  1.55388964e-02 -3.30353230e-02  1.59424722e-01
 -3.07592958e-01  4.08930540e-01 -3.80844176e-01  2.67203510e-01
 -2.79392954e-03  3.84173572e-01  2.97189355e-01 -2.35836431e-01
 -3.66486236e-02 -3.07125360e-01 -5.57156801e-01 -3.32211167e-01
  5.34360886e-01 -5.03432572e-01 -2.80566722e-01  1.22733191e-02
 -8.66341591e-01 -6.19242676e-02 -4.58022922e-01  3.04919511e-01
 -3.44702721e-01 -4.30561930e-01  3.22928995e-01 -3.24228019e-01
  5.12032032e-01 -3.40728760e-01  3.92990746e-02  1.64459478e-02
  3.20682675e-01 -8.37125853e-02 -2.86472499e-01 -7.30741024e-02
 -5.22885978e-01 -1.33023575e-01 -2.66840518e-01 -2.43654817e-01
  5.65421954e-02  5.48669279e-01 -4.35946316e-01  4.01479304e-01
  4.79548633e-01  7.86903650e-02 -4.94950831e-01  4.25681740e-01
  3.38605642e-01  4.37481374e-01 -3.14656585e-01  6.11368716e-02
  4.25236896e-02 -3.47721845e-01 -1.30708903e-01  1.52315497e-01
  1.13098633e+00 -6.20540500e-01 -7.25270271e-01  3.05998176e-01
 -3.12976539e-02  4.63235602e-02 -4.81024474e-01  2.61735916e-01
  1.90810397e-01  5.68797626e-02 -2.27773234e-01 -1.87968582e-01
  2.16600224e-01  1.08428709e-01 -1.83940887e-01 -3.32879454e-01
  2.96352237e-01 -2.97382653e-01  1.01376079e-01  2.15594471e-01
 -6.20181300e-02  4.17064071e-01 -2.83745468e-01 -2.68224835e-01
  6.27818763e-01  2.19368786e-01  4.53102231e-01 -1.35293156e-01
  5.07024646e-01 -6.49807900e-02  3.46887589e-01  6.92358553e-01
 -7.15153366e-02 -9.79099944e-02  2.93922365e-01 -4.59189773e-01
 -1.99961245e-01  3.98230292e-02 -1.84884980e-01 -1.54699842e-02]"
